ID,Project Code,PQ #,PO / SO #,ASN/DN #,Country,Managed By,Fulfill Via,Vendor INCO Term,Shipment Mode,PQ First Sent to Client Date,PO Sent to Vendor Date,Scheduled Delivery Date,Delivered to Client Date,Delivery Recorded Date,Product Group,Sub Classification,Vendor,Item Description,Molecule/Test Type,Brand,Dosage,Dosage Form,Unit of Measure (Per Pack),Line Item Quantity,Line Item Value,Pack Price,Unit Price,Manufacturing Site,First Line Designation,Weight (Kilograms),Freight Cost (USD),Line Item Insurance (USD)
1,100-CI-T01,Pre-PQ Process,SCMS-4,ASN-8,Côte d'Ivoire,PMO - US,Direct Drop,EXW,Air,Pre-PQ Process,Date Not Captured,2-Jun-06,2-Jun-06,2-Jun-06,HRDT,HIV test,RANBAXY Fine Chemicals LTD.,"HIV, Reveal G3 Rapid HIV-1 Antibody Test, 30 Tests","HIV, Reveal G3 Rapid HIV-1 Antibody Test",Reveal,,Test kit,30,19,551,29,0.97,Ranbaxy Fine Chemicals LTD,Yes,13,780.34,
3,108-VN-T01,Pre-PQ Process,SCMS-13,ASN-85,Vietnam,PMO - US,Direct Drop,EXW,Air,Pre-PQ Process,Date Not Captured,14-Nov-06,14-Nov-06,14-Nov-06,ARV,Pediatric,Aurobindo Pharma Limited,"Nevirapine 10mg/ml, oral suspension, Bottle, 240 ml",Nevirapine,Generic,10mg/ml,Oral suspension,240,1000,6200,6.2,0.03,"Aurobindo Unit III, India",Yes,358,4521.5,
4,100-CI-T01,Pre-PQ Process,SCMS-20,ASN-14,Côte d'Ivoire,PMO - US,Direct Drop,FCA,Air,Pre-PQ Process,Date Not Captured,27-Aug-06,27-Aug-06,27-Aug-06,HRDT,HIV test,Abbott GmbH & Co. KG,"HIV 1/2, Determine Complete HIV Kit, 100 Tests","HIV 1/2, Determine Complete HIV Kit",Determine,,Test kit,100,500,40000,80,0.8,ABBVIE GmbH & Co.KG Wiesbaden,Yes,171,1653.78,
15,108-VN-T01,Pre-PQ Process,SCMS-78,ASN-50,Vietnam,PMO - US,Direct Drop,EXW,Air,Pre-PQ Process,Date Not Captured,1-Sep-06,1-Sep-06,1-Sep-06,ARV,Adult,SUN PHARMACEUTICAL INDUSTRIES LTD (RANBAXY LABORATORIES LIMITED),"Lamivudine 150mg, tablets, 60 Tabs",Lamivudine,Generic,150mg,Tablet,60,31920,127360.8,3.99,0.07,"Ranbaxy, Paonta Shahib, India",Yes,1855,16007.06,
16,108-VN-T01,Pre-PQ Process,SCMS-81,ASN-55,Vietnam,PMO - US,Direct Drop,EXW,Air,Pre-PQ Process,Date Not Captured,11-Aug-06,11-Aug-06,11-Aug-06,ARV,Adult,Aurobindo Pharma Limited,"Stavudine 30mg, capsules, 60 Caps",Stavudine,Generic,30mg,Capsule,60,38000,121600,3.2,0.05,"Aurobindo Unit III, India",Yes,7590,45450.08,
23,112-NG-T01,Pre-PQ Process,SCMS-87,ASN-57,Nigeria,PMO - US,Direct Drop,EXW,Air,Pre-PQ Process,Date Not Captured,28-Sep-06,28-Sep-06,28-Sep-06,ARV,Pediatric,Aurobindo Pharma Limited,"Zidovudine 10mg/ml, oral solution, Bottle, 240 ml",Zidovudine,Generic,10mg/ml,Oral solution,240,416,2225.6,5.35,0.02,"Aurobindo Unit III, India",Yes,504,5920.42,
44,110-ZM-T01,Pre-PQ Process,SCMS-139,ASN-130,Zambia,PMO - US,Direct Drop,DDU,Air,Pre-PQ Process,Date Not Captured,8-Jan-07,8-Jan-07,8-Jan-07,ARV,Pediatric,MERCK SHARP & DOHME IDEA GMBH (FORMALLY MERCK SHARP & DOHME B.V.),"Efavirenz 200mg [Stocrin/Sustiva], capsule, 90 Caps",Efavirenz,Stocrin/Sustiva,200mg,Capsule,90,135,4374,32.4,0.36,MSD South Granville Australia,Yes,328,Freight Included in Commodity Cost,
45,109-TZ-T01,Pre-PQ Process,SCMS-140,ASN-94,Tanzania,PMO - US,Direct Drop,EXW,Air,Pre-PQ Process,Date Not Captured,24-Nov-06,24-Nov-06,24-Nov-06,ARV,Adult,Aurobindo Pharma Limited,"Nevirapine 200mg, tablets, 60 Tabs",Nevirapine,Generic,200mg,Tablet,60,16667,60834.55,3.65,0.06,"Aurobindo Unit III, India",Yes,1478,6212.41,
46,112-NG-T01,Pre-PQ Process,SCMS-156,ASN-93,Nigeria,PMO - US,Direct Drop,EXW,Air,Pre-PQ Process,Date Not Captured,7-Dec-06,7-Dec-06,7-Dec-06,ARV,Adult,Aurobindo Pharma Limited,"Stavudine 30mg, capsules, 60 Caps",Stavudine,Generic,30mg,Capsule,60,273,532.35,1.95,0.03,"Aurobindo Unit III, India",No,See ASN-93 (ID#:1281),See ASN-93 (ID#:1281),
47,110-ZM-T01,Pre-PQ Process,SCMS-165,ASN-199,Zambia,PMO - US,Direct Drop,CIP,Air,Pre-PQ Process,11/13/06,30-Jan-07,30-Jan-07,30-Jan-07,ARV,Adult,ABBVIE LOGISTICS (FORMERLY ABBOTT LOGISTICS BV),"Lopinavir/Ritonavir 200/50mg [Aluvia], tablets, 120 Tabs",Lopinavir/Ritonavir,Aluvia,200/50mg,Tablet,120,2800,115080,41.1,0.34,ABBVIE (Abbott) St. P'burg USA,Yes,643,Freight Included in Commodity Cost,
60,110-ZM-T01,Pre-PQ Process,SCMS-221,ASN-223,Zambia,PMO - US,Direct Drop,CIP,Air,Pre-PQ Process,12/1/06,16-Feb-07,16-Feb-07,16-Feb-07,ARV,Adult,ABBVIE LOGISTICS (FORMERLY ABBOTT LOGISTICS BV),"Lopinavir/Ritonavir 200/50mg [Aluvia], tablets, 120 Tabs",Lopinavir/Ritonavir,Aluvia,200/50mg,Tablet,120,2800,115080,41.1,0.34,ABBVIE Ludwigshafen Germany,Yes,643,Freight Included in Commodity Cost,
61,110-ZM-T01,Pre-PQ Process,SCMS-226,ASN-137,Zambia,PMO - US,Direct Drop,EXW,Air,Pre-PQ Process,Date Not Captured,8-Jan-07,8-Jan-07,8-Jan-07,HRDT,HIV test,"Trinity Biotech, Plc","HIV 1/2, Uni-Gold HIV Kit, 20 Tests","HIV 1/2, Uni-Gold HIV Kit",Uni-Gold,,Test kit,20,2500,100000,40,2,"Trinity Biotech, Plc",Yes,853,13569.49,
62,102-NG-T01,Pre-PQ Process,SCMS-230,ASN-144,Nigeria,PMO - US,Direct Drop,EXW,Air,Pre-PQ Process,Date Not Captured,10-Jan-07,10-Jan-07,10-Jan-07,HRDT,HIV test,EY Laboratories,"HIV 1/2, InstantChek HIV 1+2 Kit, 100 Tests","HIV 1/2, InstantChek HIV 1+2 Kit",InstantCHEK,,Test kit,100,10,850,85,0.85,"EY Laboratories, USA",Yes,Weight Captured Separately,Invoiced Separately,
64,107-RW-T01,Pre-PQ Process,SCMS-268,ASN-242,Rwanda,PMO - US,Direct Drop,EXW,Air,Pre-PQ Process,12/22/06,27-Feb-07,27-Feb-07,27-Feb-07,ARV,Adult,CIPLA LIMITED,"Lamivudine/Zidovudine 150/300mg, tablets, 60 Tabs",Lamivudine/Zidovudine,Generic,150/300mg,Tablet - FDC,60,10000,99800,9.98,0.17,"Cipla, Goa, India",Yes,7416,64179.42,
65,106-HT-T01,Pre-PQ Process,SCMS-274,ASN-162,Haiti,PMO - US,Direct Drop,EXW,Air,Pre-PQ Process,Date Not Captured,18-Jan-07,18-Jan-07,18-Jan-07,HRDT,HIV test,Abbott GmbH & Co. KG,"HIV 1/2, Determine Complete HIV Kit, 100 Tests","HIV 1/2, Determine Complete HIV Kit",Determine,,Test kit,100,750,60000,80,0.8,ABBVIE GmbH & Co.KG Wiesbaden,Yes,256,1760.32,
68,113-ZW-T01,Pre-PQ Process,SCMS-308,ASN-285,Zimbabwe,PMO - US,Direct Drop,CIP,Air,Pre-PQ Process,1/10/07,19-Mar-07,19-Mar-07,19-Mar-07,ARV,Pediatric,BRISTOL-MYERS SQUIBB,"#102198**Didanosine 200mg [Videx], tablets, 60 Tabs",Didanosine,Videx,200mg,Tablet,60,579,14764.5,25.5,0.42,"BMS Meymac, France",Yes,Weight Captured Separately,Freight Included in Commodity Cost,
69,102-NG-T01,Pre-PQ Process,SCMS-354,ASN-608,Nigeria,PMO - US,Direct Drop,CIP,,Pre-PQ Process,Date Not Captured,7-May-07,7-May-07,7-May-07,HRDT,HIV test,ACCOUN NIGERIA LIMITED,"HIV 1/2, Determine Complete HIV Kit, 100 Tests","HIV 1/2, Determine Complete HIV Kit",Determine,,Test kit,100,1500,120000,80,0.8,ABBVIE GmbH & Co.KG Wiesbaden,Yes,Weight Captured Separately,Freight Included in Commodity Cost,192
80,107-RW-T01,Pre-PQ Process,SCMS-488,ASN-299,Rwanda,PMO - US,Direct Drop,EXW,Air,Pre-PQ Process,Date Not Captured,29-Mar-07,29-Mar-07,29-Mar-07,HRDT,HIV test,Premier Medical Corporation Ltd.,"HIV 1/2/O, First Response HIV 1-2.0, v.3.0 Cards Kit, 30 Tests","HIV 1/2/O, First Response HIV 1-2.0, v.3.0 Cards Kit",First Response,,Test kit,30,2000,33000,16.5,0.55,Premier Med. Corp Ltd. India,Yes,710,3120.7,
87,109-TZ-T01,Pre-PQ Process,SCMS-555,ASN-409,Tanzania,PMO - US,Direct Drop,CIP,Air,Pre-PQ Process,4/12/07,6-Jun-07,6-Jun-07,6-Jun-07,ARV,Pediatric,BRISTOL-MYERS SQUIBB,"Didanosine 2g [Videx], powder for oral solution 10mg/ml, reconstitute to 200 ml",Didanosine,Videx,2g,Powder for oral solution,200,712,8964.08,12.59,0.06,"BMS Meymac, France",Yes,162,912.96,
92,102-NG-T01,Pre-PQ Process,SCMS-592,ASN-485,Nigeria,PMO - US,Direct Drop,EXW,Air,Pre-PQ Process,5/13/07,19-Jun-07,19-Jun-07,19-Jun-07,HRDT,HIV test,Abbott GmbH & Co. KG,"HIV 1/2, Determine Complete HIV Kit, 100 Tests","HIV 1/2, Determine Complete HIV Kit",Determine,,Test kit,100,1000,80000,80,0.8,ABBVIE GmbH & Co.KG Wiesbaden,Yes,341,2682.47,128
96,102-NG-T01,Pre-PQ Process,SCMS-570,ASN-451,Nigeria,PMO - US,Direct Drop,EXW,Air,Pre-PQ Process,5/17/07,19-Jun-07,19-Jun-07,19-Jun-07,HRDT,HIV test,"CHEMBIO DIAGNOSTIC SYSTEMS, INC.","HIV 1/2, Stat-Pak HIV, Kit, 20 Tests","HIV 1/2, Stat-Pak HIV, Kit",Stat-Pak,,Test kit,20,7500,202500,27,1.35,Chembio Diagnostics Sys. Inc.,Yes,2278,15893.71,
108,104-CI-T01,Pre-PQ Process,SCMS-698,ASN-727,Côte d'Ivoire,PMO - US,Direct Drop,CIP,Air,Pre-PQ Process,7/13/07,2-Oct-07,2-Oct-07,2-Oct-07,ARV,Pediatric,BRISTOL-MYERS SQUIBB,"#102198**Didanosine 200mg [Videx], tablets, 60 Tabs",Didanosine,Videx,200mg,Tablet,60,5513,140581.5,25.5,0.42,"BMS Meymac, France",Yes,2126,Freight Included in Commodity Cost,224.93
115,108-VN-T01,Pre-PQ Process,SCMS-753,ASN-781,Vietnam,PMO - US,Direct Drop,EXW,Air,Pre-PQ Process,7/4/07,15-Oct-07,15-Oct-07,15-Oct-07,ARV,Pediatric,Aurobindo Pharma Limited,"Nevirapine 10mg/ml, oral suspension, Bottle, 240 ml",Nevirapine,Generic,10mg/ml,Oral suspension,240,1000,1920,1.92,0.01,"Aurobindo Unit III, India",Yes,941,4193.49,3.07
116,108-VN-T01,Pre-PQ Process,SCMS-759,ASN-632,Vietnam,PMO - US,Direct Drop,FCA,Air,Pre-PQ Process,7/4/07,27-Aug-07,27-Aug-07,27-Aug-07,ARV,Adult,ABBVIE LOGISTICS (FORMERLY ABBOTT LOGISTICS BV),"Lopinavir/Ritonavir 200/50mg [Aluvia], tablets, 120 Tabs",Lopinavir/Ritonavir,Aluvia,200/50mg,Tablet,120,500,41095,82.19,0.68,ABBVIE Ludwigshafen Germany,Yes,117,1767.38,65.75
130,100-HT-T01,Pre-PQ Process,SCMS-10080,ASN-628,Haiti,PMO - US,Direct Drop,EXW,Air,Pre-PQ Process,7/26/07,13-Aug-07,21-Aug-07,21-Aug-07,HRDT,HIV test,"Orgenics, Ltd","HIV 1/2, Determine HIV Kit, without Lancets, 100 Tests","HIV 1/2, Determine HIV Kit, without Lancets",Determine,,Test kit,100,750,53992.5,71.99,0.72,Inverness Japan,Yes,171,3518.38,86.39
134,100-HT-T01,Pre-PQ Process,SCMS-10130,ASN-616,Haiti,PMO - US,Direct Drop,EXW,Air,Pre-PQ Process,7/26/07,25-Aug-07,25-Aug-07,25-Aug-07,HRDT,HIV test,Orasure Technologies Inc.,"HIV 1/2, OraQuick Advance HIV Rapid Antibody Kit, 100 Tests","HIV 1/2, OraQuick Advance HIV Rapid Antibody Kit",OraQuick,,Test kit,100,25,8750,350,3.5,"Pacific Biotech, Thailand",Yes,60,3097.85,14
138,109-TZ-T01,Pre-PQ Process,SCMS-10270,ASN-710,Tanzania,PMO - US,Direct Drop,EXW,Air,Pre-PQ Process,Date Not Captured,16-Oct-07,16-Oct-07,16-Oct-07,HRDT,HIV test,"Standard Diagnostics, Inc.","HIV 1/2, Bioline 3.0 Kit, Lancets, Capillary pipets, Alcohol swabs included, 25 Tests","HIV 1/2, Bioline 3.0 Kit, Lancets, Capillary pipets, Alcohol swabs included",Bioline,,Test kit,25,10000,200000,20,0.8,"Standard Diagnostics, Korea",Yes,3335,27869.74,320
139,109-TZ-T01,Pre-PQ Process,SCMS-10290,ASN-788,Tanzania,PMO - US,Direct Drop,EXW,Air,Pre-PQ Process,Date Not Captured,22-Nov-07,22-Nov-07,22-Nov-07,HRDT,HIV test,"Standard Diagnostics, Inc.","HIV 1/2, Bioline 3.0 Kit, Lancets, Capillary pipets, Alcohol swabs included, 25 Tests","HIV 1/2, Bioline 3.0 Kit, Lancets, Capillary pipets, Alcohol swabs included",Bioline,,Test kit,25,10000,200000,20,0.8,"Standard Diagnostics, Korea",Yes,3335,28461.1,320
140,109-TZ-T01,Pre-PQ Process,SCMS-10300,ASN-856,Tanzania,PMO - US,Direct Drop,EXW,Air,Pre-PQ Process,Date Not Captured,22-Nov-07,22-Nov-07,22-Nov-07,HRDT,HIV test,"Standard Diagnostics, Inc.","HIV 1/2, Bioline 3.0 Kit, Lancets, Capillary pipets, Alcohol swabs included, 25 Tests","HIV 1/2, Bioline 3.0 Kit, Lancets, Capillary pipets, Alcohol swabs included",Bioline,,Test kit,25,10000,200000,20,0.8,"Standard Diagnostics, Korea",Yes,3335,28359.8,320
161,117-ET-T01,Pre-PQ Process,SCMS-11070,ASN-916,Ethiopia,PMO - US,Direct Drop,EXW,Air,Pre-PQ Process,10/3/07,20-Nov-07,20-Nov-07,20-Nov-07,ARV,Adult,Aurobindo Pharma Limited,"Stavudine 30mg, capsules, 60 Caps",Stavudine,Generic,30mg,Capsule,60,64000,99200,1.55,0.03,"Aurobindo Unit III, India",Yes,4228,12237.61,158.72
176,102-NG-T01,Pre-PQ Process,SCMS-11750,ASN-745,Nigeria,PMO - US,Direct Drop,EXW,Air,Pre-PQ Process,8/28/07,3-Oct-07,3-Oct-07,3-Oct-07,HRDT,HIV test,"CHEMBIO DIAGNOSTIC SYSTEMS, INC.","HIV 1/2, Stat-Pak HIV, Kit, 20 Tests","HIV 1/2, Stat-Pak HIV, Kit",Stat-Pak,,Test kit,20,10000,270000,27,1.35,Chembio Diagnostics Sys. Inc.,Yes,3263,20885.78,432
262,116-ZA-T01,Pre-PQ Process,SCMS-14050,ASN-1251,South Africa,PMO - US,Direct Drop,DDP,,Pre-PQ Process,11/12/07,29-Jan-08,29-Jan-08,29-Jan-08,ARV,Pediatric,"JSI R&T INSTITUTE, INC.","Zidovudine 10mg/ml [Retrovir], oral solution, Bottle, 200 ml",Zidovudine,Retrovir,10mg/ml,Oral solution,200,40,317.6,7.94,0.04,GSK Mississauga (Canada),Yes,Weight Captured Separately,Freight Included in Commodity Cost,0.51
269,108-VN-T01,Pre-PQ Process,SCMS-14190,ASN-1192,Vietnam,PMO - US,Direct Drop,EXW,Air,Pre-PQ Process,11/19/07,21-Jan-08,21-Jan-08,21-Jan-08,ARV,Adult,"GILEAD SCIENCES IRELAND, INC.","Tenofovir Disoproxil Fumarate 300mg [Viread], tablets, 30 Tabs",Tenofovir Disoproxil Fumarate,Viread,300mg,Tablet,30,1000,17000,17,0.57,Gilead(Nycomed) Oranienburg DE,Yes,76,2282.57,27.2
270,108-VN-T01,Pre-PQ Process,SCMS-14200,ASN-1171,Vietnam,PMO - US,Direct Drop,EXW,Air,Pre-PQ Process,11/21/07,21-Jan-08,21-Jan-08,21-Jan-08,ARV,Adult,SUN PHARMACEUTICAL INDUSTRIES LTD (RANBAXY LABORATORIES LIMITED),"Zidovudine 300mg, tablets, 60 Tabs",Zidovudine,Generic,300mg,Tablet,60,400,3352,8.38,0.14,"Ranbaxy, Paonta Shahib, India",Yes,23,2149.05,5.36
284,107-RW-T01,Pre-PQ Process,SCMS-14630,ASN-1253,Rwanda,PMO - US,Direct Drop,EXW,Air,Pre-PQ Process,12/10/07,31-Jan-08,31-Jan-08,31-Jan-08,HRDT,HIV test - Ancillary,"Orgenics, Ltd","HIV, Lancet, Safety, for HIV Test kits, 100 Pcs","HIV, Lancet, Safety, for HIV Test kits, 100 Pcs",Generic,,Test kit - Ancillary,100,1500,15,0.01,0,Inverness Japan,Yes,99,0.75,0.02
305,123-NG-T01,Pre-PQ Process,SCMS-15550,ASN-1269,Nigeria,PMO - US,Direct Drop,EXW,Air,Pre-PQ Process,Date Not Captured,5-Feb-08,5-Feb-08,5-Feb-08,HRDT,HIV test - Ancillary,"Orgenics, Ltd","HIV, Lancet, Safety, for HIV Test kits, 100 Pcs","HIV, Lancet, Safety, for HIV Test kits, 100 Pcs",Generic,,Test kit - Ancillary,100,650,6.5,0.01,0,Inverness Japan,Yes,Weight Captured Separately,Invoiced Separately,0.01
343,116-ZA-T01,Pre-PQ Process,SCMS-16600,ASN-1520,South Africa,PMO - US,Direct Drop,DDP,,Pre-PQ Process,1/4/08,21-Jan-08,4-Jan-08,4-Jan-08,ARV,Pediatric,"JSI R&T INSTITUTE, INC.","Stavudine 1mg/ml [Zerit], powder for oral solution, Bottle, 200 ml",Stavudine,Zerit,1mg/ml,Powder for oral solution,200,200,340,1.7,0.01,"BMS Meymac, France",Yes,Weight Captured Separately,Freight Included in Commodity Cost,0.54
361,125-HT-T01,Pre-PQ Process,SCMS-14080,ASN-1318,Haiti,PMO - US,Direct Drop,EXW,Air,Pre-PQ Process,Date Not Captured,18-Feb-08,18-Feb-08,18-Feb-08,HRDT,HIV test,"Trinity Biotech, Plc","HIV 1/2, Capillus HIV Kit, 100 Tests","HIV 1/2, Capillus HIV Kit",Capillus,,Test kit,100,2,278,139,1.39,"Trinity Biotech, Plc",Yes,Weight Captured Separately,Invoiced Separately,0.44
391,104-CI-T01,Pre-PQ Process,SCMS-18290,ASN-1879,Côte d'Ivoire,PMO - US,Direct Drop,EXW,Air,Pre-PQ Process,2/27/08,17-Jun-08,17-Jun-08,17-Jun-08,HRDT,HIV test,BIO-RAD LABORATORIES (FRANCE),"#108853** HIV, Genie II HIV-1/HIV-2 Kit, 40 Tests","HIV, Genie II HIV-1/HIV-2 Kit",Genie,,Test kit,40,476,36176,76,1.9,Bio-Rad Laboratories,Yes,509,5446.51,57.88
392,104-CI-T01,Pre-PQ Process,SCMS-18310,ASN-3435,Côte d'Ivoire,PMO - US,Direct Drop,EXW,Air,Pre-PQ Process,3/3/08,19-Mar-09,19-Mar-09,19-Mar-09,HRDT,HIV test,"Standard Diagnostics, Inc.","HIV 1/2, Bioline 3.0 Kit, Lancets, Capillary pipets, Alcohol swabs included, 25 Tests","HIV 1/2, Bioline 3.0 Kit, Lancets, Capillary pipets, Alcohol swabs included",Bioline,,Test kit,25,659,13180,20,0.8,"Standard Diagnostics, Korea",Yes,206,2656.12,25.83
398,102-GY-T01,Pre-PQ Process,SCMS-18480,ASN-1502,Guyana,PMO - US,Direct Drop,EXW,Air,Pre-PQ Process,2/28/08,9-Apr-08,1-Apr-08,1-Apr-08,HRDT,HIV test - Ancillary,"Orgenics, Ltd","HIV, Lancet, Safety, for HIV Test kits, 100 Pcs","HIV, Lancet, Safety, for HIV Test kits, 100 Pcs",Generic,,Test kit - Ancillary,100,240,2.4,0.01,0,Inverness Japan,Yes,Weight Captured Separately,Invoiced Separately,0
399,102-GY-T01,Pre-PQ Process,SCMS-18500,ASN-2117,Guyana,PMO - US,Direct Drop,EXW,Air,Pre-PQ Process,2/28/08,28-Jul-08,28-Jul-08,28-Jul-08,HRDT,HIV test - Ancillary,"Orgenics, Ltd","HIV, Lancet, Safety, for HIV Test kits, 100 Pcs","HIV, Lancet, Safety, for HIV Test kits, 100 Pcs",Generic,,Test kit - Ancillary,100,213,2.13,0.01,0,Inverness Japan,Yes,14,360,0
400,117-ET-T01,Pre-PQ Process,SCMS-18430,ASN-1465,Ethiopia,PMO - US,Direct Drop,DDP,,Pre-PQ Process,2/29/08,11-Mar-08,11-Mar-08,11-Mar-08,HRDT,HIV test,TURE PHARMACEUTICALS & MEDICAL SUPPLIES P.L.C.,"HIV 1/2, Capillus HIV Kit, 100 Tests","HIV 1/2, Capillus HIV Kit",Capillus,,Test kit,100,63,13399.25,212.69,2.13,"Trinity Biotech, Plc",Yes,Weight Captured Separately,Freight Included in Commodity Cost,21.44
410,113-ZW-T01,Pre-PQ Process,SCMS-18870,ASN-2434,Zimbabwe,PMO - US,Direct Drop,EXW,Air,Pre-PQ Process,3/17/08,17-Nov-08,17-Nov-08,17-Nov-08,HRDT,HIV test,"Orgenics, Ltd","HIV 1/2, Determine HIV Kit, without Lancets, 100 Tests","HIV 1/2, Determine HIV Kit, without Lancets",Determine,,Test kit,100,1634,117631.66,71.99,0.72,Inverness Japan,Yes,373,4112.46,188.21
411,123-NG-T01,Pre-PQ Process,SCMS-18940,ASN-1467,Nigeria,PMO - US,Direct Drop,EXW,Air,Pre-PQ Process,3/13/08,17-Apr-08,17-Apr-08,17-Apr-08,HRDT,HIV test,"CHEMBIO DIAGNOSTIC SYSTEMS, INC.","HIV 1/2, Stat-Pak HIV, Kit, 20 Tests","HIV 1/2, Stat-Pak HIV, Kit",Stat-Pak,,Test kit,20,1425,38475,27,1.35,Chembio Diagnostics Sys. Inc.,Yes,483,5468.88,61.56
414,119-NA-T01,Pre-PQ Process,SCMS-19130,ASN-1798,Namibia,PMO - US,Direct Drop,EXW,Air,Pre-PQ Process,3/18/08,4-Jun-08,4-Jun-08,4-Jun-08,HRDT,HIV test,"Orgenics, Ltd","HIV 1/2, Determine HIV Kit, without Lancets, 100 Tests","HIV 1/2, Determine HIV Kit, without Lancets",Determine,,Test kit,100,142,10222.58,71.99,0.72,Inverness Japan,Yes,33,1715.17,16.36
420,108-VN-T01,Pre-PQ Process,SCMS-19490,ASN-1753,Vietnam,PMO - US,Direct Drop,EXW,Air,Pre-PQ Process,3/31/08,3-Jun-08,3-Jun-08,3-Jun-08,ARV,Adult,MYLAN LABORATORIES LTD (FORMERLY MATRIX LABORATORIES),"Efavirenz 600mg, tablets, 30 Tabs",Efavirenz,Generic,600mg,Tablet,30,8400,96432,11.48,0.38,Mylan (formerly Matrix) Nashik,Yes,654,4051.34,154.29
422,116-ZA-T01,Pre-PQ Process,SCMS-19800,ASN-1665,South Africa,PMO - US,Direct Drop,DDP,Truck,Pre-PQ Process,2/20/08,24-Apr-08,24-Apr-08,24-Apr-08,ARV,Adult,S. BUYS WHOLESALER,"Saquinavir 200mg [Invirase], capsules, 270 Caps",Saquinavir,Invirase,200mg,Capsule,270,6,405.06,67.51,0.25,Roche Basel,Yes,Weight Captured Separately,Freight Included in Commodity Cost,0.65
423,116-ZA-T01,Pre-PQ Process,SCMS-19800,ASN-1665,South Africa,PMO - US,Direct Drop,DDP,Truck,Pre-PQ Process,2/20/08,24-Apr-08,24-Apr-08,24-Apr-08,ARV,Pediatric,S. BUYS WHOLESALER,"Stavudine 1mg/ml [Zerit], powder for oral solution, Bottle, 200 ml",Stavudine,Zerit,1mg/ml,Powder for oral solution,200,600,870,1.45,0.01,"BMS Meymac, France",No,Weight Captured Separately,Freight Included in Commodity Cost,1.39
438,108-VN-T01,Pre-PQ Process,SCMS-20310,ASN-1923,Vietnam,PMO - US,Direct Drop,CIP,Air,Pre-PQ Process,3/31/08,12-Jul-08,12-Jul-08,12-Jul-08,ARV,Pediatric,BRISTOL-MYERS SQUIBB,"Didanosine 25mg [Videx], chewable tablets, 60 Tabs",Didanosine,Videx,25mg,Chewable/dispersible tablet,60,400,2800,7,0.12,"BMS Meymac, France",Yes,81,2211.05,4.48
459,116-ZA-T01,Pre-PQ Process,SCMS-21460,ASN-1667,South Africa,PMO - US,Direct Drop,DDP,,Pre-PQ Process,4/4/08,25-Apr-08,7-Apr-08,7-Apr-08,ARV,Pediatric,S. BUYS WHOLESALER,"Didanosine 25mg [Videx], chewable tablets, 60 Tabs",Didanosine,Videx,25mg,Chewable/dispersible tablet,60,6,77.1,12.85,0.21,"BMS Meymac, France",Yes,Weight Captured Separately,Freight Included in Commodity Cost,0.12
464,102-NG-T01,Pre-PQ Process,SCMS-21540,ASN-2008,Nigeria,PMO - US,Direct Drop,EXW,Air,Pre-PQ Process,Date Not Captured,9-Jul-08,9-Jul-08,9-Jul-08,HRDT,HIV test,"Orgenics, Ltd","HIV 1/2, Determine HIV Kit, without Lancets, 100 Tests","HIV 1/2, Determine HIV Kit, without Lancets",Determine,,Test kit,100,5498,439785.02,79.99,0.8,Inverness Japan,Yes,1251,16090.22,703.66
465,102-NG-T01,Pre-PQ Process,SCMS-21540,ASN-2011,Nigeria,PMO - US,Direct Drop,EXW,Air,Pre-PQ Process,Date Not Captured,9-Jul-08,4-Jul-08,4-Jul-08,HRDT,HIV test - Ancillary,"Orgenics, Ltd","HIV, Lancet, Safety, for HIV Test kits, 100 Pcs","HIV, Lancet, Safety, for HIV Test kits, 100 Pcs",Generic,,Test kit - Ancillary,100,5498,54.98,0.01,0,Inverness Japan,Yes,Weight Captured Separately,Invoiced Separately,0.09
466,117-ET-T01,Pre-PQ Process,SCMS-21550,ASN-1741,Ethiopia,PMO - US,Direct Drop,DDP,Air,Pre-PQ Process,Date Not Captured,9-May-08,9-May-08,9-May-08,HRDT,HIV test,TURE PHARMACEUTICALS & MEDICAL SUPPLIES P.L.C.,"HIV 1/2, Uni-Gold HIV Kit, 20 Tests","HIV 1/2, Uni-Gold HIV Kit",Uni-Gold,,Test kit,20,15,691.42,46.09,2.3,"Trinity Biotech, Plc",Yes,Weight Captured Separately,Freight Included in Commodity Cost,1.11
530,108-VN-T01,Pre-PQ Process,SCMS-23450,ASN-2336,Vietnam,PMO - US,Direct Drop,EXW,Air,Pre-PQ Process,5/14/08,19-Sep-08,19-Sep-08,19-Sep-08,ARV,Adult,MYLAN LABORATORIES LTD (FORMERLY MATRIX LABORATORIES),"Tenofovir Disoproxil Fumarate 300mg, tablets, 30 Tabs",Tenofovir Disoproxil Fumarate,Generic,300mg,Tablet,30,1344,18359.04,13.66,0.46,Mylan (formerly Matrix) Nashik,Yes,1537,13507.92,29.37
531,116-ZA-T01,Pre-PQ Process,SCMS-23500,ASN-2783,South Africa,PMO - US,Direct Drop,DDP,Truck,Pre-PQ Process,Date Not Captured,20-Aug-08,20-Aug-08,20-Aug-08,ARV,Adult,S. BUYS WHOLESALER,"Stavudine 20mg [Zerit], capsules, 60 Caps",Stavudine,Zerit,20mg,Capsule,60,20,103.4,5.17,0.09,"BMS Meymac, France",Yes,Weight Captured Separately,Freight Included in Commodity Cost,0.2
532,116-ZA-T01,Pre-PQ Process,SCMS-23500,ASN-2293,South Africa,PMO - US,Direct Drop,DDP,Truck,Pre-PQ Process,Date Not Captured,20-Aug-08,8-May-08,8-May-08,ARV,Adult,S. BUYS WHOLESALER,"Didanosine EC 250mg [Videx EC], delayed-release capsules, Blister 3 x 10 Caps",Didanosine EC,Videx EC,250mg,Delayed-release capsules - blister,30,100,1906,19.06,0.64,"BMS Meymac, France",Yes,Weight Captured Separately,Freight Included in Commodity Cost,3.05
533,116-ZA-T01,Pre-PQ Process,SCMS-23500,ASN-2293,South Africa,PMO - US,Direct Drop,DDP,Truck,Pre-PQ Process,Date Not Captured,20-Aug-08,8-May-08,8-May-08,ARV,Pediatric,S. BUYS WHOLESALER,"Stavudine 1mg/ml [Zerit], powder for oral solution, Bottle, 200 ml",Stavudine,Zerit,1mg/ml,Powder for oral solution,200,670,1025.1,1.53,0.01,"BMS Meymac, France",No,Weight Captured Separately,Freight Included in Commodity Cost,1.64
535,109-TZ-T01,Pre-PQ Process,SCMS-23610,ASN-2167,Tanzania,PMO - US,Direct Drop,CIP,Air,Pre-PQ Process,5/15/08,2-Sep-08,2-Sep-08,2-Sep-08,ARV,Adult,BRISTOL-MYERS SQUIBB,"Didanosine EC 400mg [Videx EC], delayed-release capsules, Blister 3 x 10 Caps",Didanosine EC,Videx EC,400mg,Delayed-release capsules - blister,30,2597,61470.99,23.67,0.79,"BMS Meymac, France",Yes,117,645.1,98.35
543,106-HT-T01,Pre-PQ Process,SCMS-23840,ASN-2504,Haiti,PMO - US,Direct Drop,EXW,Air,Pre-PQ Process,5/20/08,30-Sep-08,30-Sep-08,30-Sep-08,HRDT,HIV test,Orasure Technologies Inc.,"HIV 1/2, OraQuick Advance HIV Rapid Antibody Kit, 100 Tests","HIV 1/2, OraQuick Advance HIV Rapid Antibody Kit",OraQuick,,Test kit,100,28,9800,350,3.5,"Pacific Biotech, Thailand",Yes,109,782.13,15.68
551,106-HT-T01,Pre-PQ Process,SCMS-24020,ASN-2865,Haiti,PMO - US,Direct Drop,EXW,Air,Pre-PQ Process,5/23/08,24-Nov-08,24-Nov-08,24-Nov-08,HRDT,HIV test,"Trinity Biotech, Plc","HIV 1/2, Capillus HIV Kit, 100 Tests","HIV 1/2, Capillus HIV Kit",Capillus,,Test kit,100,84,11676,139,1.39,"Trinity Biotech, Plc",Yes,54,871.57,22.88
598,116-ZA-T01,Pre-PQ Process,SCMS-25540,ASN-2295,South Africa,PMO - US,Direct Drop,DDP,Truck,Pre-PQ Process,Date Not Captured,12-Jun-08,9-Jun-08,9-Jun-08,ARV,Adult,S. BUYS WHOLESALER,"Abacavir 300mg [Ziagen], tablets, Blister 6 x 10 Tabs",Abacavir,Ziagen,300mg,Tablet - blister,60,30,1049.4,34.98,0.58,GSK Ware (UK),Yes,Weight Captured Separately,Freight Included in Commodity Cost,1.68
610,108-VN-T01,Pre-PQ Process,SCMS-26180,ASN-2274,Vietnam,PMO - US,Direct Drop,EXW,Air,Pre-PQ Process,7/1/08,19-Sep-08,19-Sep-08,19-Sep-08,ARV,Adult,Aurobindo Pharma Limited,"Lamivudine 150mg, tablets, 60 Tabs",Lamivudine,Generic,150mg,Tablet,60,38640,92736,2.4,0.04,"Aurobindo Unit III, India",Yes,2719,18614.72,148.38
630,112-NG-T01,Pre-PQ Process,SCMS-26560,ASN-2366,Nigeria,PMO - US,Direct Drop,EXW,Air,Pre-PQ Process,7/2/08,25-Feb-09,9-Sep-08,9-Sep-08,ACT,ACT,IDA FOUNDATION,"Artemether/Lumefantrine 20/120mg [Coartem], scored tablets, Blister 30 x 18 Tabs",Artemether/Lumefantrine,Coartem,20/120mg,Tablet - FDC + blister,540,34,1547.68,45.52,0.08,"Novartis Pharma AG, Switzerland",Yes,115,1755.87,2.48
637,108-VN-T01,Pre-PQ Process,SCMS-26200,ASN-2563,Vietnam,PMO - US,Direct Drop,EXW,Air,Pre-PQ Process,7/3/08,8-Oct-08,8-Oct-08,8-Oct-08,ARV,Adult,Aurobindo Pharma Limited,"Stavudine 30mg, capsules, 60 Caps",Stavudine,Generic,30mg,Capsule,60,42000,60900,1.45,0.02,"Aurobindo Unit III, India",Yes,2600,10179.16,97.44
646,116-ZA-T01,Pre-PQ Process,SCMS-26820,ASN-2488,South Africa,PMO - US,Direct Drop,DDP,Truck,Pre-PQ Process,Date Not Captured,10-Jul-08,8-Jul-08,8-Jul-08,ARV,Pediatric,S. BUYS WHOLESALER,"Nevirapine 10mg/ml [Viramune], oral suspension, Bottle, 240 ml",Nevirapine,Viramune,10mg/ml,Oral suspension,240,50,696.5,13.93,0.06,"BI, Ingelheim, Germany",Yes,Weight Captured Separately,Freight Included in Commodity Cost,1.11
660,108-VN-T01,Pre-PQ Process,SCMS-27360,ASN-2767,Vietnam,PMO - US,Direct Drop,EXW,Air,Pre-PQ Process,7/24/08,27-Nov-08,27-Nov-08,27-Nov-08,ARV,Adult,MYLAN LABORATORIES LTD (FORMERLY MATRIX LABORATORIES),"Efavirenz 600mg, tablets, 30 Tabs",Efavirenz,Generic,600mg,Tablet,30,16800,171192,10.19,0.34,Mylan (formerly Matrix) Nashik,Yes,1224,4686.88,335.54
668,102-GY-T01,Pre-PQ Process,SCMS-27670,ASN-2255,Guyana,PMO - US,Direct Drop,CIP,Air,Pre-PQ Process,7/25/08,15-Aug-08,15-Aug-08,15-Aug-08,MRDT,Malaria,ZEPHYR BIOMEDICALS,"Malaria Paramax-3 Kit, 25 Tests",Malaria Paramax-3 Kit,Paramax,,Test kit,25,98,3675,37.5,1.5,Not Applicable,Yes,34,180,5.88
670,110-ZM-T01,Pre-PQ Process,SCMS-27790,ASN-2641,Zambia,PMO - US,Direct Drop,EXW,Air,Pre-PQ Process,7/31/08,20-Oct-08,20-Oct-08,20-Oct-08,HRDT,HIV test,"Orgenics, Ltd","HIV 1/2, Determine HIV Kit, without Lancets, 100 Tests","HIV 1/2, Determine HIV Kit, without Lancets",Determine,,Test kit,100,4500,323955,71.99,0.72,Inverness Japan,Yes,1053,11062.05,634.95
712,119-NA-T01,Pre-PQ Process,SCMS-28840,ASN-2450,Namibia,PMO - US,Direct Drop,EXW,Air,Pre-PQ Process,8/26/08,18-Sep-08,18-Sep-08,18-Sep-08,HRDT,HIV test,"Trinity Biotech, Plc","HIV 1/2, Uni-Gold HIV Kit, 20 Tests","HIV 1/2, Uni-Gold HIV Kit",Uni-Gold,,Test kit,20,10,320,32,1.6,"Trinity Biotech, Plc",Yes,Weight Captured Separately,Invoiced Separately,0.51
717,104-CI-T01,Pre-PQ Process,SCMS-29140,ASN-2472,Côte d'Ivoire,PMO - US,Direct Drop,EXW,Air,Pre-PQ Process,8/27/08,2-Oct-08,2-Oct-08,2-Oct-08,HRDT,HIV test,BIO-RAD LABORATORIES (FRANCE),"#108853** HIV, Genie II HIV-1/HIV-2 Kit, 40 Tests","HIV, Genie II HIV-1/HIV-2 Kit",Genie,,Test kit,40,500,38000,76,1.9,Bio-Rad Laboratories,Yes,562,11298.13,60.8
719,104-CI-T01,Pre-PQ Process,SCMS-29340,ASN-2921,Côte d'Ivoire,PMO - US,Direct Drop,EXW,Air,Pre-PQ Process,9/3/08,23-Jan-09,23-Jan-09,23-Jan-09,ACT,ACT,IDA FOUNDATION,"Artesunate+Amodiaquine 50+153mg, tablets, co-blister 6+6 Tabs",Artesunate+Amodiaquine,Generic,50+153mg,Tablet - FDC + co-blister,12,25000,9750,0.39,0.03,Ipca Dadra/Nagar Haveli IN,Yes,1708,12830.91,19.11
772,131-NG-T01,Pre-PQ Process,SCMS-30502,ASN-3653,Nigeria,PMO - US,Direct Drop,CIP,Air,Pre-PQ Process,3/6/09,10-Mar-09,8-Apr-09,8-Apr-09,ARV,Adult,MERCK SHARP & DOHME IDEA GMBH (FORMALLY MERCK SHARP & DOHME B.V.),"Efavirenz/Emtricitabine/Tenofovir Disoproxil Fumarate 600/200/300mg [Atripla], tablets, 30 Tabs",Efavirenz/Emtricitabine/Tenofovir Disoproxil Fumarate,Atripla,600/200/300mg,Tablet - FDC,30,9,453.6,50.4,1.68,"MSD, Haarlem, NL",Yes,Weight Captured Separately,Freight Included in Commodity Cost,0.89
791,119-NA-T01,Pre-PQ Process,SCMS-31180,ASN-2717,Namibia,PMO - US,Direct Drop,EXW,Air,Pre-PQ Process,9/24/08,29-Oct-08,29-Oct-08,29-Oct-08,HRDT,HIV test,"Orgenics, Ltd","HIV 1/2, Determine HIV Kit, without Lancets, 100 Tests","HIV 1/2, Determine HIV Kit, without Lancets",Determine,,Test kit,100,150,10798.5,71.99,0.72,Inverness Japan,Yes,46,2698.04,21.17
796,102-BW-T01,Pre-PQ Process,SCMS-31370,ASN-2796,Botswana,PMO - US,Direct Drop,EXW,Air,Pre-PQ Process,10/2/08,28-Nov-08,28-Nov-08,28-Nov-08,HRDT,HIV test - Ancillary,"Trinity Biotech, Plc","#109436**HIV 1, Uni-Gold Recombigen HIV Control, Vial 2 x 0.5 ml","HIV 1, Uni-Gold Recombigen HIV Control, Vial 2 x 0.5 ml",Uni-Gold,,Test kit - Ancillary,2,15,450,30,15,"Trinity Biotech, Plc",Yes,1,578.01,0.88
797,110-ZM-T01,Pre-PQ Process,SCMS-31380,ASN-3172,Zambia,PMO - US,Direct Drop,EXW,Air,Pre-PQ Process,10/2/08,23-Jan-09,23-Jan-09,23-Jan-09,HRDT,HIV test,"Standard Diagnostics, Inc.","HIV 1/2, Bioline 3.0 Kit, Lancets, Capillary pipets, Alcohol swabs included, 25 Tests","HIV 1/2, Bioline 3.0 Kit, Lancets, Capillary pipets, Alcohol swabs included",Bioline,,Test kit,25,319,6380,20,0.8,"Standard Diagnostics, Korea",Yes,100,1122.24,12.5
835,116-ZA-T01,Pre-PQ Process,SCMS-33320,ASN-3553,South Africa,PMO - US,Direct Drop,DDP,Truck,Pre-PQ Process,Date Not Captured,17-May-09,9-Oct-08,9-Oct-08,ARV,Adult,S. BUYS WHOLESALER,"Tenofovir Disoproxil Fumarate 300mg [Viread], tablets, 30 Tabs",Tenofovir Disoproxil Fumarate,Viread,300mg,Tablet,30,80,1830.4,22.88,0.76,"Aspen-OSD, Port Elizabeth, SA",Yes,Weight Captured Separately,Freight Included in Commodity Cost,3.59
836,116-ZA-T01,Pre-PQ Process,SCMS-33320,ASN-3892,South Africa,PMO - US,Direct Drop,DDP,Truck,Pre-PQ Process,Date Not Captured,17-May-09,17-May-09,17-May-09,ARV,Adult,S. BUYS WHOLESALER,"Tenofovir Disoproxil Fumarate 300mg [Viread], tablets, 30 Tabs",Tenofovir Disoproxil Fumarate,Viread,300mg,Tablet,30,120,2745.6,22.88,0.76,"Aspen-OSD, Port Elizabeth, SA",Yes,Weight Captured Separately,Freight Included in Commodity Cost,5.38
837,116-ZA-T01,Pre-PQ Process,SCMS-33320,ASN-3553,South Africa,PMO - US,Direct Drop,DDP,Truck,Pre-PQ Process,Date Not Captured,17-May-09,9-Oct-08,9-Oct-08,ARV,Pediatric,S. BUYS WHOLESALER,"Stavudine 1mg/ml [Zerit], powder for oral solution, Bottle, 200 ml",Stavudine,Zerit,1mg/ml,Powder for oral solution,200,600,858,1.43,0.01,"BMS Meymac, France",No,Weight Captured Separately,Freight Included in Commodity Cost,1.68
838,116-ZA-T01,Pre-PQ Process,SCMS-33320,ASN-3553,South Africa,PMO - US,Direct Drop,DDP,Truck,Pre-PQ Process,Date Not Captured,17-May-09,9-Oct-08,9-Oct-08,ARV,Pediatric,S. BUYS WHOLESALER,"Didanosine 100mg [Videx],chewable tablets, 60 Tabs",Didanosine,Videx,100mg,Chewable/dispersible tablet,60,7,91.35,13.05,0.22,"BMS Meymac, France",No,Weight Captured Separately,Freight Included in Commodity Cost,0.18
839,116-ZA-T01,Pre-PQ Process,SCMS-33320,ASN-3553,South Africa,PMO - US,Direct Drop,DDP,Truck,Pre-PQ Process,Date Not Captured,17-May-09,9-Oct-08,9-Oct-08,ARV,Pediatric,S. BUYS WHOLESALER,"Lopinavir/Ritonavir 80/20mg/ml [Kaletra], oral solution, cool, Bottle 5 x 60 ml",Lopinavir/Ritonavir,Kaletra,80/20mg/ml,Oral solution,300,40,1375.6,34.39,0.11,ABBVIE (Abbott) Logis. UK,No,Weight Captured Separately,Freight Included in Commodity Cost,2.7
849,102-GY-T01,Pre-PQ Process,SCMS-33930,ASN-3209,Guyana,PMO - US,Direct Drop,CIP,Air,Pre-PQ Process,11/19/08,6-Feb-09,6-Feb-09,6-Feb-09,MRDT,Malaria,ZEPHYR BIOMEDICALS,"Malaria Paramax-3 Kit, 25 Tests",Malaria Paramax-3 Kit,Paramax,,Test kit,25,108,4050,37.5,1.5,Not Applicable,Yes,Weight Captured Separately,Freight Included in Commodity Cost,7.94
858,109-TZ-T01,Pre-PQ Process,SCMS-34680,ASN-3332,Tanzania,PMO - US,Direct Drop,CIP,Air,Pre-PQ Process,12/19/08,21-Apr-09,21-Apr-09,21-Apr-09,ARV,Adult,MERCK SHARP & DOHME IDEA GMBH (FORMALLY MERCK SHARP & DOHME B.V.),"Efavirenz/Emtricitabine/Tenofovir Disoproxil Fumarate 600/200/300mg [Atripla], tablets, 30 Tabs",Efavirenz/Emtricitabine/Tenofovir Disoproxil Fumarate,Atripla,600/200/300mg,Tablet - FDC,30,50000,2520000,50.4,1.68,"MSD, Haarlem, NL",Yes,4093,9339,4939.2
914,104-CI-T01,Pre-PQ Process,SCMS-35790,ASN-3242,Côte d'Ivoire,PMO - US,Direct Drop,EXW,Air,Pre-PQ Process,12/19/08,2-Mar-09,2-Mar-09,2-Mar-09,ANTM,Malaria,IDA FOUNDATION,"Quinine 600mg/2ml (as dihydrochloride), injection, 2ml x 100 Ampules",Quinine (as dihydrochloride),Generic,600mg/2ml,Injection,100,140,2731.4,19.51,0.2,Gland Pharma Ltd Pally Factory,Yes,5209,25405.22,5.35
937,111-MZ-T01,Pre-PQ Process,SCMS-36660,ASN-3509,Mozambique,PMO - US,Direct Drop,EXW,Air,Pre-PQ Process,1/5/09,23-Mar-09,23-Mar-09,23-Mar-09,HRDT,HIV test,"Trinity Biotech, Plc","HIV 1/2, Uni-Gold HIV Kit, 20 Tests","HIV 1/2, Uni-Gold HIV Kit",Uni-Gold,,Test kit,20,5700,182400,32,1.6,"Trinity Biotech, Plc",Yes,1906,23914.8,357.5
960,108-VN-T01,Pre-PQ Process,SCMS-37170,ASN-3562,Vietnam,PMO - US,Direct Drop,EXW,Air,Pre-PQ Process,1/16/09,10-Apr-09,10-Apr-09,10-Apr-09,ARV,Adult,Aurobindo Pharma Limited,"Lamivudine/Zidovudine 150/300mg, tablets, 60 Tabs",Lamivudine/Zidovudine,Generic,150/300mg,Tablet - FDC,60,5964,51350.04,8.61,0.14,"Aurobindo Unit III, India",Yes,3509,12835.2,100.65
961,108-VN-T01,Pre-PQ Process,SCMS-37170,ASN-3562,Vietnam,PMO - US,Direct Drop,EXW,Air,Pre-PQ Process,1/16/09,10-Apr-09,10-Apr-09,10-Apr-09,ARV,Adult,Aurobindo Pharma Limited,"Lamivudine 150mg, tablets, 60 Tabs",Lamivudine,Generic,150mg,Tablet,60,21000,50400,2.4,0.04,"Aurobindo Unit III, India",No,See ASN-3562 (ID#:960),See ASN-3562 (ID#:960),98.78
962,108-VN-T01,Pre-PQ Process,SCMS-37180,ASN-3521,Vietnam,PMO - US,Direct Drop,EXW,Air,Pre-PQ Process,1/16/09,23-Mar-09,23-Mar-09,23-Mar-09,ARV,Adult,CIPLA LIMITED,"Lamivudine/Nevirapine/Stavudine 150/200/30mg, tablets, 60 Tabs",Lamivudine/Nevirapine/Stavudine,Generic,150/200/30mg,Tablet - FDC,60,10560,72864,6.9,0.12,"Cipla, Goa, India",Yes,924,4225.93,142.81
979,108-VN-T01,Pre-PQ Process,SCMS-31721,ASN-3454,Vietnam,PMO - US,Direct Drop,EXW,Air,Pre-PQ Process,10/21/08,16-Mar-09,16-Mar-09,16-Mar-09,ARV,Adult,Aurobindo Pharma Limited,"Lamivudine/Zidovudine 150/300mg, tablets, 60 Tabs",Lamivudine/Zidovudine,Generic,150/300mg,Tablet - FDC,60,2352,20250.72,8.61,0.14,"Aurobindo Unit III, India",Yes,211,892.5,39.69
985,109-TZ-T01,Pre-PQ Process,SCMS-38370,ASN-3751,Tanzania,PMO - US,Direct Drop,FCA,Air,Pre-PQ Process,2/5/09,28-May-09,28-May-09,28-May-09,ARV,Pediatric,ABBVIE LOGISTICS (FORMERLY ABBOTT LOGISTICS BV),"Lopinavir/Ritonavir 80/20mg/ml [Kaletra], oral solution, cool, Bottle 5 x 60 ml",Lopinavir/Ritonavir,Kaletra,80/20mg/ml,Oral solution,300,524,21536.4,41.1,0.14,ABBVIE (Abbott) Logis. UK,Yes,644,6668.61,42.21
986,109-TZ-T01,Pre-PQ Process,SCMS-38380,ASN-3627,Tanzania,PMO - US,Direct Drop,FCA,Air,Pre-PQ Process,2/5/09,4-May-09,4-May-09,4-May-09,ARV,Pediatric,ABBVIE LOGISTICS (FORMERLY ABBOTT LOGISTICS BV),"Lopinavir/Ritonavir 100/25mg [Aluvia], tablets, 60 Tabs",Lopinavir/Ritonavir,Generic,100/25mg,Tablet,60,2094,21526.32,10.28,0.17,ABBVIE Ludwigshafen Germany,Yes,237,Freight Included in Commodity Cost,42.19
993,107-RW-T01,Pre-PQ Process,SCMS-38660,ASN-3710,Rwanda,PMO - US,Direct Drop,EXW,Air,Pre-PQ Process,2/18/09,28-Apr-09,28-Apr-09,28-Apr-09,HRDT,HIV test,Premier Medical Corporation Ltd.,"HIV 1/2/O, First Response HIV 1-2.0, v.3.0 Cards Kit, 30 Tests","HIV 1/2/O, First Response HIV 1-2.0, v.3.0 Cards Kit",First Response,,Test kit,30,8249,185602.5,22.5,0.75,Premier Med. Corp Ltd. India,Yes,2800,12595.81,363.78
1037,123-NG-T01,Pre-PQ Process,SCMS-39640,ASN-4747,Nigeria,PMO - US,Direct Drop,CIP,Air,Pre-PQ Process,3/4/09,30-Sep-09,30-Sep-09,30-Sep-09,ARV,Adult,BRISTOL-MYERS SQUIBB,"Didanosine EC 400mg [Videx EC], delayed-release capsules, Blister 3 x 10 Caps",Didanosine EC,Videx EC,400mg,Delayed-release capsules - blister,30,200,4734,23.67,0.79,"BMS Meymac, France",Yes,11,463,9.28
1046,106-HT-T01,Pre-PQ Process,SCMS-40000,ASN-3675,Haiti,PMO - US,Direct Drop,CIP,Air,Pre-PQ Process,3/6/09,31-Mar-09,31-Mar-09,31-Mar-09,ARV,Pediatric,BRISTOL-MYERS SQUIBB,"Didanosine 50mg [Videx], chewable tablets, 60 Tabs",Didanosine,Videx,50mg,Chewable/dispersible tablet,60,80,760,9.5,0.16,"BMS Meymac, France",Yes,43,260,1.49
1047,106-HT-T01,Pre-PQ Process,SCMS-40000,ASN-3675,Haiti,PMO - US,Direct Drop,CIP,Air,Pre-PQ Process,3/6/09,31-Mar-09,31-Mar-09,31-Mar-09,ARV,Pediatric,BRISTOL-MYERS SQUIBB,"Didanosine 2g [Videx], powder for oral solution 10mg/ml, reconstitute to 200 ml",Didanosine,Videx,2g,Powder for oral solution,200,32,402.88,12.59,0.06,"BMS Meymac, France",No,See ASN-3675 (ID#:1046),See ASN-3675 (ID#:1046),0.79
1048,106-HT-T01,Pre-PQ Process,SCMS-40030,ASN-3750,Haiti,PMO - US,Direct Drop,FCA,Air,Pre-PQ Process,3/6/09,15-Apr-09,15-Apr-09,15-Apr-09,ARV,Pediatric,ABBVIE LOGISTICS (FORMERLY ABBOTT LOGISTICS BV),"Lopinavir/Ritonavir 100/25mg [Aluvia], tablets, 60 Tabs",Lopinavir/Ritonavir,Generic,100/25mg,Tablet,60,46,472.88,10.28,0.17,ABBVIE Ludwigshafen Germany,Yes,10,893.22,0.93
1063,116-ZA-T01,Pre-PQ Process,SCMS-40810,ASN-3634,South Africa,PMO - US,Direct Drop,DDP,Air,Pre-PQ Process,Date Not Captured,31-Mar-09,2-Dec-08,2-Dec-08,ARV,Adult,S. BUYS WHOLESALER,"Efavirenz 600mg, tablets, 30 Tabs",Efavirenz,Generic,600mg,Tablet,30,3025,47522.75,15.71,0.52,"Aurobindo Unit III, India",Yes,Weight Captured Separately,Freight Included in Commodity Cost,93.14
1065,116-ZA-T01,Pre-PQ Process,SCMS-41040,ASN-3623,South Africa,PMO - US,Direct Drop,DDP,Air,Pre-PQ Process,Date Not Captured,7-Apr-09,3-Dec-08,3-Dec-08,ARV,Adult,S. BUYS WHOLESALER,"Efavirenz 600mg, tablets, 30 Tabs",Efavirenz,Generic,600mg,Tablet,30,3500,49840,14.24,0.47,"Cipla, Goa, India",Yes,Weight Captured Separately,Freight Included in Commodity Cost,97.69
1066,116-ZA-T01,Pre-PQ Process,SCMS-41040,ASN-3623,South Africa,PMO - US,Direct Drop,DDP,Air,Pre-PQ Process,Date Not Captured,7-Apr-09,3-Dec-08,3-Dec-08,ARV,Pediatric,S. BUYS WHOLESALER,"Zidovudine 10mg/ml, oral solution, Bottle, 240 ml",Zidovudine,Generic,10mg/ml,Oral solution,240,1008,3588.48,3.56,0.01,"Aurobindo Unit III, India",No,Weight Captured Separately,Freight Included in Commodity Cost,7.03
1067,116-ZA-T01,Pre-PQ Process,SCMS-41060,ASN-3624,South Africa,PMO - US,Direct Drop,DDP,Air,Pre-PQ Process,Date Not Captured,5-May-09,23-Dec-08,23-Dec-08,ARV,Pediatric,S. BUYS WHOLESALER,"Stavudine 1mg/ml [Zerit], powder for oral solution, Bottle, 200 ml",Stavudine,Zerit,1mg/ml,Powder for oral solution,200,960,1152,1.2,0.01,"BMS Meymac, France",Yes,Weight Captured Separately,Freight Included in Commodity Cost,2.26
