source_record_id,po_so_number,asn_dn_number,project_code,destination_country,managed_by,fulfill_via,incoterm,shipment_mode_raw,shipment_mode,missing_mode_flag,pq_first_sent_date,po_sent_date,scheduled_delivery_date,actual_delivery_date,delivery_recorded_date,product_group_raw,sub_classification_raw,product_category,vendor_name,item_description_raw,manufacturing_site,first_line_designation,unit_of_measure_per_pack,line_item_quantity,line_item_value_usd,pack_price_usd,unit_price_usd,weight_kg,weight_source,freight_cost_usd,freight_cost_source,line_item_insurance_usd,reporting_scheduled_delivery_date,reporting_actual_delivery_date
1,SCMS-4,ASN-8,100-CI-T01,Côte d'Ivoire,PMO - US,Direct Drop,EXW,Air,AIR,0,,,2006-06-02,2006-06-02,2006-06-02,HRDT,HIV test,BATTERY_ESS,RANBAXY Fine Chemicals LTD.,"HIV, Reveal G3 Rapid HIV-1 Antibody Test, 30 Tests",Ranbaxy Fine Chemicals LTD,1,30,19,551.0,29.0,0.97,13.0,direct,780.34,direct,,2016-06-02,2016-06-02
3,SCMS-13,ASN-85,108-VN-T01,Vietnam,PMO - US,Direct Drop,EXW,Air,AIR,0,,,2006-11-14,2006-11-14,2006-11-14,ARV,Pediatric,INVERTER,Aurobindo Pharma Limited,"Nevirapine 10mg/ml, oral suspension, Bottle, 240 ml","Aurobindo Unit III, India",1,240,1000,6200.0,6.2,0.03,358.0,direct,4521.5,direct,,2016-11-14,2016-11-14
4,SCMS-20,ASN-14,100-CI-T01,Côte d'Ivoire,PMO - US,Direct Drop,FCA,Air,AIR,0,,,2006-08-27,2006-08-27,2006-08-27,HRDT,HIV test,BATTERY_ESS,Abbott GmbH & Co. KG,"HIV 1/2, Determine Complete HIV Kit, 100 Tests",ABBVIE GmbH & Co.KG Wiesbaden,1,100,500,40000.0,80.0,0.8,171.0,direct,1653.78,direct,,2016-08-27,2016-08-27
15,SCMS-78,ASN-50,108-VN-T01,Vietnam,PMO - US,Direct Drop,EXW,Air,AIR,0,,,2006-09-01,2006-09-01,2006-09-01,ARV,Adult,SOLAR_MODULE,SUN PHARMACEUTICAL INDUSTRIES LTD (RANBAXY LABORATORIES LIMITED),"Lamivudine 150mg, tablets, 60 Tabs","Ranbaxy, Paonta Shahib, India",1,60,31920,127360.8,3.99,0.07,1855.0,direct,16007.06,direct,,2016-09-01,2016-09-01
16,SCMS-81,ASN-55,108-VN-T01,Vietnam,PMO - US,Direct Drop,EXW,Air,AIR,0,,,2006-08-11,2006-08-11,2006-08-11,ARV,Adult,SOLAR_MODULE,Aurobindo Pharma Limited,"Stavudine 30mg, capsules, 60 Caps","Aurobindo Unit III, India",1,60,38000,121600.0,3.2,0.05,7590.0,direct,45450.08,direct,,2016-08-11,2016-08-11
23,SCMS-87,ASN-57,112-NG-T01,Nigeria,PMO - US,Direct Drop,EXW,Air,AIR,0,,,2006-09-28,2006-09-28,2006-09-28,ARV,Pediatric,INVERTER,Aurobindo Pharma Limited,"Zidovudine 10mg/ml, oral solution, Bottle, 240 ml","Aurobindo Unit III, India",1,240,416,2225.6,5.35,0.02,504.0,direct,5920.42,direct,,2016-09-28,2016-09-28
44,SCMS-139,ASN-130,110-ZM-T01,Zambia,PMO - US,Direct Drop,DDU,Air,AIR,0,,,2007-01-08,2007-01-08,2007-01-08,ARV,Pediatric,INVERTER,MERCK SHARP & DOHME IDEA GMBH (FORMALLY MERCK SHARP & DOHME B.V.),"Efavirenz 200mg [Stocrin/Sustiva], capsule, 90 Caps",MSD South Granville Australia,1,90,135,4374.0,32.4,0.36,328.0,direct,,missing_included_in_commodity,,2017-01-08,2017-01-08
45,SCMS-140,ASN-94,109-TZ-T01,Tanzania,PMO - US,Direct Drop,EXW,Air,AIR,0,,,2006-11-24,2006-11-24,2006-11-24,ARV,Adult,SOLAR_MODULE,Aurobindo Pharma Limited,"Nevirapine 200mg, tablets, 60 Tabs","Aurobindo Unit III, India",1,60,16667,60834.55,3.65,0.06,1478.0,direct,6212.41,direct,,2016-11-24,2016-11-24
46,SCMS-156,ASN-93,112-NG-T01,Nigeria,PMO - US,Direct Drop,EXW,Air,AIR,0,,,2006-12-07,2006-12-07,2006-12-07,ARV,Adult,SOLAR_MODULE,Aurobindo Pharma Limited,"Stavudine 30mg, capsules, 60 Caps","Aurobindo Unit III, India",0,60,273,532.35,1.95,0.03,479.0,resolved_reference,4861.14,resolved_reference,,2016-12-07,2016-12-07
47,SCMS-165,ASN-199,110-ZM-T01,Zambia,PMO - US,Direct Drop,CIP,Air,AIR,0,,,2007-01-30,2007-01-30,2007-01-30,ARV,Adult,SOLAR_MODULE,ABBVIE LOGISTICS (FORMERLY ABBOTT LOGISTICS BV),"Lopinavir/Ritonavir 200/50mg [Aluvia], tablets, 120 Tabs",ABBVIE (Abbott) St. P'burg USA,1,120,2800,115080.0,41.1,0.34,643.0,direct,,missing_included_in_commodity,,2017-01-30,2017-01-30
60,SCMS-221,ASN-223,110-ZM-T01,Zambia,PMO - US,Direct Drop,CIP,Air,AIR,0,,,2007-02-16,2007-02-16,2007-02-16,ARV,Adult,SOLAR_MODULE,ABBVIE LOGISTICS (FORMERLY ABBOTT LOGISTICS BV),"Lopinavir/Ritonavir 200/50mg [Aluvia], tablets, 120 Tabs",ABBVIE Ludwigshafen Germany,1,120,2800,115080.0,41.1,0.34,643.0,direct,,missing_included_in_commodity,,2017-02-16,2017-02-16
61,SCMS-226,ASN-137,110-ZM-T01,Zambia,PMO - US,Direct Drop,EXW,Air,AIR,0,,,2007-01-08,2007-01-08,2007-01-08,HRDT,HIV test,BATTERY_ESS,"Trinity Biotech, Plc","HIV 1/2, Uni-Gold HIV Kit, 20 Tests","Trinity Biotech, Plc",1,20,2500,100000.0,40.0,2.0,853.0,direct,13569.49,direct,,2017-01-08,2017-01-08
62,SCMS-230,ASN-144,102-NG-T01,Nigeria,PMO - US,Direct Drop,EXW,Air,AIR,0,,,2007-01-10,2007-01-10,2007-01-10,HRDT,HIV test,BATTERY_ESS,EY Laboratories,"HIV 1/2, InstantChek HIV 1+2 Kit, 100 Tests","EY Laboratories, USA",1,100,10,850.0,85.0,0.85,,missing_captured_separately,,missing_invoiced_separately,,2017-01-10,2017-01-10
64,SCMS-268,ASN-242,107-RW-T01,Rwanda,PMO - US,Direct Drop,EXW,Air,AIR,0,,,2007-02-27,2007-02-27,2007-02-27,ARV,Adult,SOLAR_MODULE,CIPLA LIMITED,"Lamivudine/Zidovudine 150/300mg, tablets, 60 Tabs","Cipla, Goa, India",1,60,10000,99800.0,9.98,0.17,7416.0,direct,64179.42,direct,,2017-02-27,2017-02-27
65,SCMS-274,ASN-162,106-HT-T01,Haiti,PMO - US,Direct Drop,EXW,Air,AIR,0,,,2007-01-18,2007-01-18,2007-01-18,HRDT,HIV test,BATTERY_ESS,Abbott GmbH & Co. KG,"HIV 1/2, Determine Complete HIV Kit, 100 Tests",ABBVIE GmbH & Co.KG Wiesbaden,1,100,750,60000.0,80.0,0.8,256.0,direct,1760.32,direct,,2017-01-18,2017-01-18
68,SCMS-308,ASN-285,113-ZW-T01,Zimbabwe,PMO - US,Direct Drop,CIP,Air,AIR,0,,,2007-03-19,2007-03-19,2007-03-19,ARV,Pediatric,INVERTER,BRISTOL-MYERS SQUIBB,"#102198**Didanosine 200mg [Videx], tablets, 60 Tabs","BMS Meymac, France",1,60,579,14764.5,25.5,0.42,,missing_captured_separately,,missing_included_in_commodity,,2017-03-19,2017-03-19
69,SCMS-354,ASN-608,102-NG-T01,Nigeria,PMO - US,Direct Drop,CIP,,,1,,,2007-05-07,2007-05-07,2007-05-07,HRDT,HIV test,BATTERY_ESS,ACCOUN NIGERIA LIMITED,"HIV 1/2, Determine Complete HIV Kit, 100 Tests",ABBVIE GmbH & Co.KG Wiesbaden,1,100,1500,120000.0,80.0,0.8,,missing_captured_separately,,missing_included_in_commodity,192.0,2017-05-07,2017-05-07
80,SCMS-488,ASN-299,107-RW-T01,Rwanda,PMO - US,Direct Drop,EXW,Air,AIR,0,,,2007-03-29,2007-03-29,2007-03-29,HRDT,HIV test,BATTERY_ESS,Premier Medical Corporation Ltd.,"HIV 1/2/O, First Response HIV 1-2.0, v.3.0 Cards Kit, 30 Tests",Premier Med. Corp Ltd. India,1,30,2000,33000.0,16.5,0.55,710.0,direct,3120.7,direct,,2017-03-29,2017-03-29
87,SCMS-555,ASN-409,109-TZ-T01,Tanzania,PMO - US,Direct Drop,CIP,Air,AIR,0,,,2007-06-06,2007-06-06,2007-06-06,ARV,Pediatric,INVERTER,BRISTOL-MYERS SQUIBB,"Didanosine 2g [Videx], powder for oral solution 10mg/ml, reconstitute to 200 ml","BMS Meymac, France",1,200,712,8964.08,12.59,0.06,162.0,direct,912.96,direct,,2017-06-06,2017-06-06
92,SCMS-592,ASN-485,102-NG-T01,Nigeria,PMO - US,Direct Drop,EXW,Air,AIR,0,,,2007-06-19,2007-06-19,2007-06-19,HRDT,HIV test,BATTERY_ESS,Abbott GmbH & Co. KG,"HIV 1/2, Determine Complete HIV Kit, 100 Tests",ABBVIE GmbH & Co.KG Wiesbaden,1,100,1000,80000.0,80.0,0.8,341.0,direct,2682.47,direct,128.0,2017-06-19,2017-06-19
96,SCMS-570,ASN-451,102-NG-T01,Nigeria,PMO - US,Direct Drop,EXW,Air,AIR,0,,,2007-06-19,2007-06-19,2007-06-19,HRDT,HIV test,BATTERY_ESS,"CHEMBIO DIAGNOSTIC SYSTEMS, INC.","HIV 1/2, Stat-Pak HIV, Kit, 20 Tests",Chembio Diagnostics Sys. Inc.,1,20,7500,202500.0,27.0,1.35,2278.0,direct,15893.71,direct,,2017-06-19,2017-06-19
108,SCMS-698,ASN-727,104-CI-T01,Côte d'Ivoire,PMO - US,Direct Drop,CIP,Air,AIR,0,,,2007-10-02,2007-10-02,2007-10-02,ARV,Pediatric,INVERTER,BRISTOL-MYERS SQUIBB,"#102198**Didanosine 200mg [Videx], tablets, 60 Tabs","BMS Meymac, France",1,60,5513,140581.5,25.5,0.42,2126.0,direct,,missing_included_in_commodity,224.93,2017-10-02,2017-10-02
115,SCMS-753,ASN-781,108-VN-T01,Vietnam,PMO - US,Direct Drop,EXW,Air,AIR,0,,,2007-10-15,2007-10-15,2007-10-15,ARV,Pediatric,INVERTER,Aurobindo Pharma Limited,"Nevirapine 10mg/ml, oral suspension, Bottle, 240 ml","Aurobindo Unit III, India",1,240,1000,1920.0,1.92,0.01,941.0,direct,4193.49,direct,3.07,2017-10-15,2017-10-15
116,SCMS-759,ASN-632,108-VN-T01,Vietnam,PMO - US,Direct Drop,FCA,Air,AIR,0,,,2007-08-27,2007-08-27,2007-08-27,ARV,Adult,SOLAR_MODULE,ABBVIE LOGISTICS (FORMERLY ABBOTT LOGISTICS BV),"Lopinavir/Ritonavir 200/50mg [Aluvia], tablets, 120 Tabs",ABBVIE Ludwigshafen Germany,1,120,500,41095.0,82.19,0.68,117.0,direct,1767.38,direct,65.75,2017-08-27,2017-08-27
130,SCMS-10080,ASN-628,100-HT-T01,Haiti,PMO - US,Direct Drop,EXW,Air,AIR,0,,,2007-08-13,2007-08-21,2007-08-21,HRDT,HIV test,BATTERY_ESS,"Orgenics, Ltd","HIV 1/2, Determine HIV Kit, without Lancets, 100 Tests",Inverness Japan,1,100,750,53992.5,71.99,0.72,171.0,direct,3518.38,direct,86.39,2017-08-13,2017-08-21
134,SCMS-10130,ASN-616,100-HT-T01,Haiti,PMO - US,Direct Drop,EXW,Air,AIR,0,,,2007-08-25,2007-08-25,2007-08-25,HRDT,HIV test,BATTERY_ESS,Orasure Technologies Inc.,"HIV 1/2, OraQuick Advance HIV Rapid Antibody Kit, 100 Tests","Pacific Biotech, Thailand",1,100,25,8750.0,350.0,3.5,60.0,direct,3097.85,direct,14.0,2017-08-25,2017-08-25
138,SCMS-10270,ASN-710,109-TZ-T01,Tanzania,PMO - US,Direct Drop,EXW,Air,AIR,0,,,2007-10-16,2007-10-16,2007-10-16,HRDT,HIV test,BATTERY_ESS,"Standard Diagnostics, Inc.","HIV 1/2, Bioline 3.0 Kit, Lancets, Capillary pipets, Alcohol swabs included, 25 Tests","Standard Diagnostics, Korea",1,25,10000,200000.0,20.0,0.8,3335.0,direct,27869.74,direct,320.0,2017-10-16,2017-10-16
139,SCMS-10290,ASN-788,109-TZ-T01,Tanzania,PMO - US,Direct Drop,EXW,Air,AIR,0,,,2007-11-22,2007-11-22,2007-11-22,HRDT,HIV test,BATTERY_ESS,"Standard Diagnostics, Inc.","HIV 1/2, Bioline 3.0 Kit, Lancets, Capillary pipets, Alcohol swabs included, 25 Tests","Standard Diagnostics, Korea",1,25,10000,200000.0,20.0,0.8,3335.0,direct,28461.1,direct,320.0,2017-11-22,2017-11-22
140,SCMS-10300,ASN-856,109-TZ-T01,Tanzania,PMO - US,Direct Drop,EXW,Air,AIR,0,,,2007-11-22,2007-11-22,2007-11-22,HRDT,HIV test,BATTERY_ESS,"Standard Diagnostics, Inc.","HIV 1/2, Bioline 3.0 Kit, Lancets, Capillary pipets, Alcohol swabs included, 25 Tests","Standard Diagnostics, Korea",1,25,10000,200000.0,20.0,0.8,3335.0,direct,28359.8,direct,320.0,2017-11-22,2017-11-22
161,SCMS-11070,ASN-916,117-ET-T01,Ethiopia,PMO - US,Direct Drop,EXW,Air,AIR,0,,,2007-11-20,2007-11-20,2007-11-20,ARV,Adult,SOLAR_MODULE,Aurobindo Pharma Limited,"Stavudine 30mg, capsules, 60 Caps","Aurobindo Unit III, India",1,60,64000,99200.0,1.55,0.03,4228.0,direct,12237.61,direct,158.72,2017-11-20,2017-11-20
176,SCMS-11750,ASN-745,102-NG-T01,Nigeria,PMO - US,Direct Drop,EXW,Air,AIR,0,,,2007-10-03,2007-10-03,2007-10-03,HRDT,HIV test,BATTERY_ESS,"CHEMBIO DIAGNOSTIC SYSTEMS, INC.","HIV 1/2, Stat-Pak HIV, Kit, 20 Tests",Chembio Diagnostics Sys. Inc.,1,20,10000,270000.0,27.0,1.35,3263.0,direct,20885.78,direct,432.0,2017-10-03,2017-10-03
262,SCMS-14050,ASN-1251,116-ZA-T01,South Africa,PMO - US,Direct Drop,DDP,,,1,,,2008-01-29,2008-01-29,2008-01-29,ARV,Pediatric,INVERTER,"JSI R&T INSTITUTE, INC.","Zidovudine 10mg/ml [Retrovir], oral solution, Bottle, 200 ml",GSK Mississauga (Canada),1,200,40,317.6,7.94,0.04,,missing_captured_separately,,missing_included_in_commodity,0.51,2018-01-29,2018-01-29
269,SCMS-14190,ASN-1192,108-VN-T01,Vietnam,PMO - US,Direct Drop,EXW,Air,AIR,0,,,2008-01-21,2008-01-21,2008-01-21,ARV,Adult,SOLAR_MODULE,"GILEAD SCIENCES IRELAND, INC.","Tenofovir Disoproxil Fumarate 300mg [Viread], tablets, 30 Tabs",Gilead(Nycomed) Oranienburg DE,1,30,1000,17000.0,17.0,0.57,76.0,direct,2282.57,direct,27.2,2018-01-21,2018-01-21
270,SCMS-14200,ASN-1171,108-VN-T01,Vietnam,PMO - US,Direct Drop,EXW,Air,AIR,0,,,2008-01-21,2008-01-21,2008-01-21,ARV,Adult,SOLAR_MODULE,SUN PHARMACEUTICAL INDUSTRIES LTD (RANBAXY LABORATORIES LIMITED),"Zidovudine 300mg, tablets, 60 Tabs","Ranbaxy, Paonta Shahib, India",1,60,400,3352.0,8.38,0.14,23.0,direct,2149.05,direct,5.36,2018-01-21,2018-01-21
284,SCMS-14630,ASN-1253,107-RW-T01,Rwanda,PMO - US,Direct Drop,EXW,Air,AIR,0,,,2008-01-31,2008-01-31,2008-01-31,HRDT,HIV test - Ancillary,BOS_COMPONENT,"Orgenics, Ltd","HIV, Lancet, Safety, for HIV Test kits, 100 Pcs",Inverness Japan,1,100,1500,15.0,0.01,0.0,99.0,direct,0.75,direct,0.02,2018-01-31,2018-01-31
305,SCMS-15550,ASN-1269,123-NG-T01,Nigeria,PMO - US,Direct Drop,EXW,Air,AIR,0,,,2008-02-05,2008-02-05,2008-02-05,HRDT,HIV test - Ancillary,BOS_COMPONENT,"Orgenics, Ltd","HIV, Lancet, Safety, for HIV Test kits, 100 Pcs",Inverness Japan,1,100,650,6.5,0.01,0.0,,missing_captured_separately,,missing_invoiced_separately,0.01,2018-02-05,2018-02-05
343,SCMS-16600,ASN-1520,116-ZA-T01,South Africa,PMO - US,Direct Drop,DDP,,,1,,,2008-01-21,2008-01-04,2008-01-04,ARV,Pediatric,INVERTER,"JSI R&T INSTITUTE, INC.","Stavudine 1mg/ml [Zerit], powder for oral solution, Bottle, 200 ml","BMS Meymac, France",1,200,200,340.0,1.7,0.01,,missing_captured_separately,,missing_included_in_commodity,0.54,2018-01-21,2018-01-04
361,SCMS-14080,ASN-1318,125-HT-T01,Haiti,PMO - US,Direct Drop,EXW,Air,AIR,0,,,2008-02-18,2008-02-18,2008-02-18,HRDT,HIV test,BATTERY_ESS,"Trinity Biotech, Plc","HIV 1/2, Capillus HIV Kit, 100 Tests","Trinity Biotech, Plc",1,100,2,278.0,139.0,1.39,,missing_captured_separately,,missing_invoiced_separately,0.44,2018-02-18,2018-02-18
391,SCMS-18290,ASN-1879,104-CI-T01,Côte d'Ivoire,PMO - US,Direct Drop,EXW,Air,AIR,0,,,2008-06-17,2008-06-17,2008-06-17,HRDT,HIV test,BATTERY_ESS,BIO-RAD LABORATORIES (FRANCE),"#108853** HIV, Genie II HIV-1/HIV-2 Kit, 40 Tests",Bio-Rad Laboratories,1,40,476,36176.0,76.0,1.9,509.0,direct,5446.51,direct,57.88,2018-06-17,2018-06-17
392,SCMS-18310,ASN-3435,104-CI-T01,Côte d'Ivoire,PMO - US,Direct Drop,EXW,Air,AIR,0,,,2009-03-19,2009-03-19,2009-03-19,HRDT,HIV test,BATTERY_ESS,"Standard Diagnostics, Inc.","HIV 1/2, Bioline 3.0 Kit, Lancets, Capillary pipets, Alcohol swabs included, 25 Tests","Standard Diagnostics, Korea",1,25,659,13180.0,20.0,0.8,206.0,direct,2656.12,direct,25.83,2019-03-19,2019-03-19
398,SCMS-18480,ASN-1502,102-GY-T01,Guyana,PMO - US,Direct Drop,EXW,Air,AIR,0,,,2008-04-09,2008-04-01,2008-04-01,HRDT,HIV test - Ancillary,BOS_COMPONENT,"Orgenics, Ltd","HIV, Lancet, Safety, for HIV Test kits, 100 Pcs",Inverness Japan,1,100,240,2.4,0.01,0.0,,missing_captured_separately,,missing_invoiced_separately,0.0,2018-04-09,2018-04-01
399,SCMS-18500,ASN-2117,102-GY-T01,Guyana,PMO - US,Direct Drop,EXW,Air,AIR,0,,,2008-07-28,2008-07-28,2008-07-28,HRDT,HIV test - Ancillary,BOS_COMPONENT,"Orgenics, Ltd","HIV, Lancet, Safety, for HIV Test kits, 100 Pcs",Inverness Japan,1,100,213,2.13,0.01,0.0,14.0,direct,360.0,direct,0.0,2018-07-28,2018-07-28
400,SCMS-18430,ASN-1465,117-ET-T01,Ethiopia,PMO - US,Direct Drop,DDP,,,1,,,2008-03-11,2008-03-11,2008-03-11,HRDT,HIV test,BATTERY_ESS,TURE PHARMACEUTICALS & MEDICAL SUPPLIES P.L.C.,"HIV 1/2, Capillus HIV Kit, 100 Tests","Trinity Biotech, Plc",1,100,63,13399.25,212.69,2.13,,missing_captured_separately,,missing_included_in_commodity,21.44,2018-03-11,2018-03-11
410,SCMS-18870,ASN-2434,113-ZW-T01,Zimbabwe,PMO - US,Direct Drop,EXW,Air,AIR,0,,,2008-11-17,2008-11-17,2008-11-17,HRDT,HIV test,BATTERY_ESS,"Orgenics, Ltd","HIV 1/2, Determine HIV Kit, without Lancets, 100 Tests",Inverness Japan,1,100,1634,117631.66,71.99,0.72,373.0,direct,4112.46,direct,188.21,2018-11-17,2018-11-17
411,SCMS-18940,ASN-1467,123-NG-T01,Nigeria,PMO - US,Direct Drop,EXW,Air,AIR,0,,,2008-04-17,2008-04-17,2008-04-17,HRDT,HIV test,BATTERY_ESS,"CHEMBIO DIAGNOSTIC SYSTEMS, INC.","HIV 1/2, Stat-Pak HIV, Kit, 20 Tests",Chembio Diagnostics Sys. Inc.,1,20,1425,38475.0,27.0,1.35,483.0,direct,5468.88,direct,61.56,2018-04-17,2018-04-17
414,SCMS-19130,ASN-1798,119-NA-T01,Namibia,PMO - US,Direct Drop,EXW,Air,AIR,0,,,2008-06-04,2008-06-04,2008-06-04,HRDT,HIV test,BATTERY_ESS,"Orgenics, Ltd","HIV 1/2, Determine HIV Kit, without Lancets, 100 Tests",Inverness Japan,1,100,142,10222.58,71.99,0.72,33.0,direct,1715.17,direct,16.36,2018-06-04,2018-06-04
420,SCMS-19490,ASN-1753,108-VN-T01,Vietnam,PMO - US,Direct Drop,EXW,Air,AIR,0,,,2008-06-03,2008-06-03,2008-06-03,ARV,Adult,SOLAR_MODULE,MYLAN LABORATORIES LTD (FORMERLY MATRIX LABORATORIES),"Efavirenz 600mg, tablets, 30 Tabs",Mylan (formerly Matrix) Nashik,1,30,8400,96432.0,11.48,0.38,654.0,direct,4051.34,direct,154.29,2018-06-03,2018-06-03
422,SCMS-19800,ASN-1665,116-ZA-T01,South Africa,PMO - US,Direct Drop,DDP,Truck,TRUCK,0,,,2008-04-24,2008-04-24,2008-04-24,ARV,Adult,SOLAR_MODULE,S. BUYS WHOLESALER,"Saquinavir 200mg [Invirase], capsules, 270 Caps",Roche Basel,1,270,6,405.06,67.51,0.25,,missing_captured_separately,,missing_included_in_commodity,0.65,2018-04-24,2018-04-24
423,SCMS-19800,ASN-1665,116-ZA-T01,South Africa,PMO - US,Direct Drop,DDP,Truck,TRUCK,0,,,2008-04-24,2008-04-24,2008-04-24,ARV,Pediatric,INVERTER,S. BUYS WHOLESALER,"Stavudine 1mg/ml [Zerit], powder for oral solution, Bottle, 200 ml","BMS Meymac, France",0,200,600,870.0,1.45,0.01,,missing_captured_separately,,missing_included_in_commodity,1.39,2018-04-24,2018-04-24
438,SCMS-20310,ASN-1923,108-VN-T01,Vietnam,PMO - US,Direct Drop,CIP,Air,AIR,0,,,2008-07-12,2008-07-12,2008-07-12,ARV,Pediatric,INVERTER,BRISTOL-MYERS SQUIBB,"Didanosine 25mg [Videx], chewable tablets, 60 Tabs","BMS Meymac, France",1,60,400,2800.0,7.0,0.12,81.0,direct,2211.05,direct,4.48,2018-07-12,2018-07-12
459,SCMS-21460,ASN-1667,116-ZA-T01,South Africa,PMO - US,Direct Drop,DDP,,,1,,,2008-04-25,2008-04-07,2008-04-07,ARV,Pediatric,INVERTER,S. BUYS WHOLESALER,"Didanosine 25mg [Videx], chewable tablets, 60 Tabs","BMS Meymac, France",1,60,6,77.1,12.85,0.21,,missing_captured_separately,,missing_included_in_commodity,0.12,2018-04-25,2018-04-07
464,SCMS-21540,ASN-2008,102-NG-T01,Nigeria,PMO - US,Direct Drop,EXW,Air,AIR,0,,,2008-07-09,2008-07-09,2008-07-09,HRDT,HIV test,BATTERY_ESS,"Orgenics, Ltd","HIV 1/2, Determine HIV Kit, without Lancets, 100 Tests",Inverness Japan,1,100,5498,439785.02,79.99,0.8,1251.0,direct,16090.22,direct,703.66,2018-07-09,2018-07-09
465,SCMS-21540,ASN-2011,102-NG-T01,Nigeria,PMO - US,Direct Drop,EXW,Air,AIR,0,,,2008-07-09,2008-07-04,2008-07-04,HRDT,HIV test - Ancillary,BOS_COMPONENT,"Orgenics, Ltd","HIV, Lancet, Safety, for HIV Test kits, 100 Pcs",Inverness Japan,1,100,5498,54.98,0.01,0.0,,missing_captured_separately,,missing_invoiced_separately,0.09,2018-07-09,2018-07-04
466,SCMS-21550,ASN-1741,117-ET-T01,Ethiopia,PMO - US,Direct Drop,DDP,Air,AIR,0,,,2008-05-09,2008-05-09,2008-05-09,HRDT,HIV test,BATTERY_ESS,TURE PHARMACEUTICALS & MEDICAL SUPPLIES P.L.C.,"HIV 1/2, Uni-Gold HIV Kit, 20 Tests","Trinity Biotech, Plc",1,20,15,691.42,46.09,2.3,,missing_captured_separately,,missing_included_in_commodity,1.11,2018-05-09,2018-05-09
530,SCMS-23450,ASN-2336,108-VN-T01,Vietnam,PMO - US,Direct Drop,EXW,Air,AIR,0,,,2008-09-19,2008-09-19,2008-09-19,ARV,Adult,SOLAR_MODULE,MYLAN LABORATORIES LTD (FORMERLY MATRIX LABORATORIES),"Tenofovir Disoproxil Fumarate 300mg, tablets, 30 Tabs",Mylan (formerly Matrix) Nashik,1,30,1344,18359.04,13.66,0.46,1537.0,direct,13507.92,direct,29.37,2018-09-19,2018-09-19
531,SCMS-23500,ASN-2783,116-ZA-T01,South Africa,PMO - US,Direct Drop,DDP,Truck,TRUCK,0,,,2008-08-20,2008-08-20,2008-08-20,ARV,Adult,SOLAR_MODULE,S. BUYS WHOLESALER,"Stavudine 20mg [Zerit], capsules, 60 Caps","BMS Meymac, France",1,60,20,103.4,5.17,0.09,,missing_captured_separately,,missing_included_in_commodity,0.2,2018-08-20,2018-08-20
532,SCMS-23500,ASN-2293,116-ZA-T01,South Africa,PMO - US,Direct Drop,DDP,Truck,TRUCK,0,,,2008-08-20,2008-05-08,2008-05-08,ARV,Adult,SOLAR_MODULE,S. BUYS WHOLESALER,"Didanosine EC 250mg [Videx EC], delayed-release capsules, Blister 3 x 10 Caps","BMS Meymac, France",1,30,100,1906.0,19.06,0.64,,missing_captured_separately,,missing_included_in_commodity,3.05,2018-08-20,2018-05-08
533,SCMS-23500,ASN-2293,116-ZA-T01,South Africa,PMO - US,Direct Drop,DDP,Truck,TRUCK,0,,,2008-08-20,2008-05-08,2008-05-08,ARV,Pediatric,INVERTER,S. BUYS WHOLESALER,"Stavudine 1mg/ml [Zerit], powder for oral solution, Bottle, 200 ml","BMS Meymac, France",0,200,670,1025.1,1.53,0.01,,missing_captured_separately,,missing_included_in_commodity,1.64,2018-08-20,2018-05-08
535,SCMS-23610,ASN-2167,109-TZ-T01,Tanzania,PMO - US,Direct Drop,CIP,Air,AIR,0,,,2008-09-02,2008-09-02,2008-09-02,ARV,Adult,SOLAR_MODULE,BRISTOL-MYERS SQUIBB,"Didanosine EC 400mg [Videx EC], delayed-release capsules, Blister 3 x 10 Caps","BMS Meymac, France",1,30,2597,61470.99,23.67,0.79,117.0,direct,645.1,direct,98.35,2018-09-02,2018-09-02
543,SCMS-23840,ASN-2504,106-HT-T01,Haiti,PMO - US,Direct Drop,EXW,Air,AIR,0,,,2008-09-30,2008-09-30,2008-09-30,HRDT,HIV test,BATTERY_ESS,Orasure Technologies Inc.,"HIV 1/2, OraQuick Advance HIV Rapid Antibody Kit, 100 Tests","Pacific Biotech, Thailand",1,100,28,9800.0,350.0,3.5,109.0,direct,782.13,direct,15.68,2018-09-30,2018-09-30
551,SCMS-24020,ASN-2865,106-HT-T01,Haiti,PMO - US,Direct Drop,EXW,Air,AIR,0,,,2008-11-24,2008-11-24,2008-11-24,HRDT,HIV test,BATTERY_ESS,"Trinity Biotech, Plc","HIV 1/2, Capillus HIV Kit, 100 Tests","Trinity Biotech, Plc",1,100,84,11676.0,139.0,1.39,54.0,direct,871.57,direct,22.88,2018-11-24,2018-11-24
598,SCMS-25540,ASN-2295,116-ZA-T01,South Africa,PMO - US,Direct Drop,DDP,Truck,TRUCK,0,,,2008-06-12,2008-06-09,2008-06-09,ARV,Adult,SOLAR_MODULE,S. BUYS WHOLESALER,"Abacavir 300mg [Ziagen], tablets, Blister 6 x 10 Tabs",GSK Ware (UK),1,60,30,1049.4,34.98,0.58,,missing_captured_separately,,missing_included_in_commodity,1.68,2018-06-12,2018-06-09
610,SCMS-26180,ASN-2274,108-VN-T01,Vietnam,PMO - US,Direct Drop,EXW,Air,AIR,0,,,2008-09-19,2008-09-19,2008-09-19,ARV,Adult,SOLAR_MODULE,Aurobindo Pharma Limited,"Lamivudine 150mg, tablets, 60 Tabs","Aurobindo Unit III, India",1,60,38640,92736.0,2.4,0.04,2719.0,direct,18614.72,direct,148.38,2018-09-19,2018-09-19
630,SCMS-26560,ASN-2366,112-NG-T01,Nigeria,PMO - US,Direct Drop,EXW,Air,AIR,0,,,2009-02-25,2008-09-09,2008-09-09,ACT,ACT,BOS_COMPONENT,IDA FOUNDATION,"Artemether/Lumefantrine 20/120mg [Coartem], scored tablets, Blister 30 x 18 Tabs","Novartis Pharma AG, Switzerland",1,540,34,1547.68,45.52,0.08,115.0,direct,1755.87,direct,2.48,2019-02-25,2018-09-09
637,SCMS-26200,ASN-2563,108-VN-T01,Vietnam,PMO - US,Direct Drop,EXW,Air,AIR,0,,,2008-10-08,2008-10-08,2008-10-08,ARV,Adult,SOLAR_MODULE,Aurobindo Pharma Limited,"Stavudine 30mg, capsules, 60 Caps","Aurobindo Unit III, India",1,60,42000,60900.0,1.45,0.02,2600.0,direct,10179.16,direct,97.44,2018-10-08,2018-10-08
646,SCMS-26820,ASN-2488,116-ZA-T01,South Africa,PMO - US,Direct Drop,DDP,Truck,TRUCK,0,,,2008-07-10,2008-07-08,2008-07-08,ARV,Pediatric,INVERTER,S. BUYS WHOLESALER,"Nevirapine 10mg/ml [Viramune], oral suspension, Bottle, 240 ml","BI, Ingelheim, Germany",1,240,50,696.5,13.93,0.06,,missing_captured_separately,,missing_included_in_commodity,1.11,2018-07-10,2018-07-08
660,SCMS-27360,ASN-2767,108-VN-T01,Vietnam,PMO - US,Direct Drop,EXW,Air,AIR,0,,,2008-11-27,2008-11-27,2008-11-27,ARV,Adult,SOLAR_MODULE,MYLAN LABORATORIES LTD (FORMERLY MATRIX LABORATORIES),"Efavirenz 600mg, tablets, 30 Tabs",Mylan (formerly Matrix) Nashik,1,30,16800,171192.0,10.19,0.34,1224.0,direct,4686.88,direct,335.54,2018-11-27,2018-11-27
668,SCMS-27670,ASN-2255,102-GY-T01,Guyana,PMO - US,Direct Drop,CIP,Air,AIR,0,,,2008-08-15,2008-08-15,2008-08-15,MRDT,Malaria,BOS_COMPONENT,ZEPHYR BIOMEDICALS,"Malaria Paramax-3 Kit, 25 Tests",Not Applicable,1,25,98,3675.0,37.5,1.5,34.0,direct,180.0,direct,5.88,2018-08-15,2018-08-15
670,SCMS-27790,ASN-2641,110-ZM-T01,Zambia,PMO - US,Direct Drop,EXW,Air,AIR,0,,,2008-10-20,2008-10-20,2008-10-20,HRDT,HIV test,BATTERY_ESS,"Orgenics, Ltd","HIV 1/2, Determine HIV Kit, without Lancets, 100 Tests",Inverness Japan,1,100,4500,323955.0,71.99,0.72,1053.0,direct,11062.05,direct,634.95,2018-10-20,2018-10-20
712,SCMS-28840,ASN-2450,119-NA-T01,Namibia,PMO - US,Direct Drop,EXW,Air,AIR,0,,,2008-09-18,2008-09-18,2008-09-18,HRDT,HIV test,BATTERY_ESS,"Trinity Biotech, Plc","HIV 1/2, Uni-Gold HIV Kit, 20 Tests","Trinity Biotech, Plc",1,20,10,320.0,32.0,1.6,,missing_captured_separately,,missing_invoiced_separately,0.51,2018-09-18,2018-09-18
717,SCMS-29140,ASN-2472,104-CI-T01,Côte d'Ivoire,PMO - US,Direct Drop,EXW,Air,AIR,0,,,2008-10-02,2008-10-02,2008-10-02,HRDT,HIV test,BATTERY_ESS,BIO-RAD LABORATORIES (FRANCE),"#108853** HIV, Genie II HIV-1/HIV-2 Kit, 40 Tests",Bio-Rad Laboratories,1,40,500,38000.0,76.0,1.9,562.0,direct,11298.13,direct,60.8,2018-10-02,2018-10-02
719,SCMS-29340,ASN-2921,104-CI-T01,Côte d'Ivoire,PMO - US,Direct Drop,EXW,Air,AIR,0,,,2009-01-23,2009-01-23,2009-01-23,ACT,ACT,BOS_COMPONENT,IDA FOUNDATION,"Artesunate+Amodiaquine 50+153mg, tablets, co-blister 6+6 Tabs",Ipca Dadra/Nagar Haveli IN,1,12,25000,9750.0,0.39,0.03,1708.0,direct,12830.91,direct,19.11,2019-01-23,2019-01-23
772,SCMS-30502,ASN-3653,131-NG-T01,Nigeria,PMO - US,Direct Drop,CIP,Air,AIR,0,,,2009-03-10,2009-04-08,2009-04-08,ARV,Adult,SOLAR_MODULE,MERCK SHARP & DOHME IDEA GMBH (FORMALLY MERCK SHARP & DOHME B.V.),"Efavirenz/Emtricitabine/Tenofovir Disoproxil Fumarate 600/200/300mg [Atripla], tablets, 30 Tabs","MSD, Haarlem, NL",1,30,9,453.6,50.4,1.68,,missing_captured_separately,,missing_included_in_commodity,0.89,2019-03-10,2019-04-08
791,SCMS-31180,ASN-2717,119-NA-T01,Namibia,PMO - US,Direct Drop,EXW,Air,AIR,0,,,2008-10-29,2008-10-29,2008-10-29,HRDT,HIV test,BATTERY_ESS,"Orgenics, Ltd","HIV 1/2, Determine HIV Kit, without Lancets, 100 Tests",Inverness Japan,1,100,150,10798.5,71.99,0.72,46.0,direct,2698.04,direct,21.17,2018-10-29,2018-10-29
796,SCMS-31370,ASN-2796,102-BW-T01,Botswana,PMO - US,Direct Drop,EXW,Air,AIR,0,,,2008-11-28,2008-11-28,2008-11-28,HRDT,HIV test - Ancillary,BOS_COMPONENT,"Trinity Biotech, Plc","#109436**HIV 1, Uni-Gold Recombigen HIV Control, Vial 2 x 0.5 ml","Trinity Biotech, Plc",1,2,15,450.0,30.0,15.0,1.0,direct,578.01,direct,0.88,2018-11-28,2018-11-28
797,SCMS-31380,ASN-3172,110-ZM-T01,Zambia,PMO - US,Direct Drop,EXW,Air,AIR,0,,,2009-01-23,2009-01-23,2009-01-23,HRDT,HIV test,BATTERY_ESS,"Standard Diagnostics, Inc.","HIV 1/2, Bioline 3.0 Kit, Lancets, Capillary pipets, Alcohol swabs included, 25 Tests","Standard Diagnostics, Korea",1,25,319,6380.0,20.0,0.8,100.0,direct,1122.24,direct,12.5,2019-01-23,2019-01-23
835,SCMS-33320,ASN-3553,116-ZA-T01,South Africa,PMO - US,Direct Drop,DDP,Truck,TRUCK,0,,,2009-05-17,2008-10-09,2008-10-09,ARV,Adult,SOLAR_MODULE,S. BUYS WHOLESALER,"Tenofovir Disoproxil Fumarate 300mg [Viread], tablets, 30 Tabs","Aspen-OSD, Port Elizabeth, SA",1,30,80,1830.4,22.88,0.76,,missing_captured_separately,,missing_included_in_commodity,3.59,2019-05-17,2018-10-09
836,SCMS-33320,ASN-3892,116-ZA-T01,South Africa,PMO - US,Direct Drop,DDP,Truck,TRUCK,0,,,2009-05-17,2009-05-17,2009-05-17,ARV,Adult,SOLAR_MODULE,S. BUYS WHOLESALER,"Tenofovir Disoproxil Fumarate 300mg [Viread], tablets, 30 Tabs","Aspen-OSD, Port Elizabeth, SA",1,30,120,2745.6,22.88,0.76,,missing_captured_separately,,missing_included_in_commodity,5.38,2019-05-17,2019-05-17
837,SCMS-33320,ASN-3553,116-ZA-T01,South Africa,PMO - US,Direct Drop,DDP,Truck,TRUCK,0,,,2009-05-17,2008-10-09,2008-10-09,ARV,Pediatric,INVERTER,S. BUYS WHOLESALER,"Stavudine 1mg/ml [Zerit], powder for oral solution, Bottle, 200 ml","BMS Meymac, France",0,200,600,858.0,1.43,0.01,,missing_captured_separately,,missing_included_in_commodity,1.68,2019-05-17,2018-10-09
838,SCMS-33320,ASN-3553,116-ZA-T01,South Africa,PMO - US,Direct Drop,DDP,Truck,TRUCK,0,,,2009-05-17,2008-10-09,2008-10-09,ARV,Pediatric,INVERTER,S. BUYS WHOLESALER,"Didanosine 100mg [Videx],chewable tablets, 60 Tabs","BMS Meymac, France",0,60,7,91.35,13.05,0.22,,missing_captured_separately,,missing_included_in_commodity,0.18,2019-05-17,2018-10-09
839,SCMS-33320,ASN-3553,116-ZA-T01,South Africa,PMO - US,Direct Drop,DDP,Truck,TRUCK,0,,,2009-05-17,2008-10-09,2008-10-09,ARV,Pediatric,INVERTER,S. BUYS WHOLESALER,"Lopinavir/Ritonavir 80/20mg/ml [Kaletra], oral solution, cool, Bottle 5 x 60 ml",ABBVIE (Abbott) Logis. UK,0,300,40,1375.6,34.39,0.11,,missing_captured_separately,,missing_included_in_commodity,2.7,2019-05-17,2018-10-09
849,SCMS-33930,ASN-3209,102-GY-T01,Guyana,PMO - US,Direct Drop,CIP,Air,AIR,0,,,2009-02-06,2009-02-06,2009-02-06,MRDT,Malaria,BOS_COMPONENT,ZEPHYR BIOMEDICALS,"Malaria Paramax-3 Kit, 25 Tests",Not Applicable,1,25,108,4050.0,37.5,1.5,,missing_captured_separately,,missing_included_in_commodity,7.94,2019-02-06,2019-02-06
858,SCMS-34680,ASN-3332,109-TZ-T01,Tanzania,PMO - US,Direct Drop,CIP,Air,AIR,0,,,2009-04-21,2009-04-21,2009-04-21,ARV,Adult,SOLAR_MODULE,MERCK SHARP & DOHME IDEA GMBH (FORMALLY MERCK SHARP & DOHME B.V.),"Efavirenz/Emtricitabine/Tenofovir Disoproxil Fumarate 600/200/300mg [Atripla], tablets, 30 Tabs","MSD, Haarlem, NL",1,30,50000,2520000.0,50.4,1.68,4093.0,direct,9339.0,direct,4939.2,2019-04-21,2019-04-21
914,SCMS-35790,ASN-3242,104-CI-T01,Côte d'Ivoire,PMO - US,Direct Drop,EXW,Air,AIR,0,,,2009-03-02,2009-03-02,2009-03-02,ANTM,Malaria,BOS_COMPONENT,IDA FOUNDATION,"Quinine 600mg/2ml (as dihydrochloride), injection, 2ml x 100 Ampules",Gland Pharma Ltd Pally Factory,1,100,140,2731.4,19.51,0.2,5209.0,direct,25405.22,direct,5.35,2019-03-02,2019-03-02
937,SCMS-36660,ASN-3509,111-MZ-T01,Mozambique,PMO - US,Direct Drop,EXW,Air,AIR,0,,,2009-03-23,2009-03-23,2009-03-23,HRDT,HIV test,BATTERY_ESS,"Trinity Biotech, Plc","HIV 1/2, Uni-Gold HIV Kit, 20 Tests","Trinity Biotech, Plc",1,20,5700,182400.0,32.0,1.6,1906.0,direct,23914.8,direct,357.5,2019-03-23,2019-03-23
960,SCMS-37170,ASN-3562,108-VN-T01,Vietnam,PMO - US,Direct Drop,EXW,Air,AIR,0,,,2009-04-10,2009-04-10,2009-04-10,ARV,Adult,SOLAR_MODULE,Aurobindo Pharma Limited,"Lamivudine/Zidovudine 150/300mg, tablets, 60 Tabs","Aurobindo Unit III, India",1,60,5964,51350.04,8.61,0.14,3509.0,direct,12835.2,direct,100.65,2019-04-10,2019-04-10
961,SCMS-37170,ASN-3562,108-VN-T01,Vietnam,PMO - US,Direct Drop,EXW,Air,AIR,0,,,2009-04-10,2009-04-10,2009-04-10,ARV,Adult,SOLAR_MODULE,Aurobindo Pharma Limited,"Lamivudine 150mg, tablets, 60 Tabs","Aurobindo Unit III, India",0,60,21000,50400.0,2.4,0.04,3509.0,resolved_reference,12835.2,resolved_reference,98.78,2019-04-10,2019-04-10
962,SCMS-37180,ASN-3521,108-VN-T01,Vietnam,PMO - US,Direct Drop,EXW,Air,AIR,0,,,2009-03-23,2009-03-23,2009-03-23,ARV,Adult,SOLAR_MODULE,CIPLA LIMITED,"Lamivudine/Nevirapine/Stavudine 150/200/30mg, tablets, 60 Tabs","Cipla, Goa, India",1,60,10560,72864.0,6.9,0.12,924.0,direct,4225.93,direct,142.81,2019-03-23,2019-03-23
979,SCMS-31721,ASN-3454,108-VN-T01,Vietnam,PMO - US,Direct Drop,EXW,Air,AIR,0,,,2009-03-16,2009-03-16,2009-03-16,ARV,Adult,SOLAR_MODULE,Aurobindo Pharma Limited,"Lamivudine/Zidovudine 150/300mg, tablets, 60 Tabs","Aurobindo Unit III, India",1,60,2352,20250.72,8.61,0.14,211.0,direct,892.5,direct,39.69,2019-03-16,2019-03-16
985,SCMS-38370,ASN-3751,109-TZ-T01,Tanzania,PMO - US,Direct Drop,FCA,Air,AIR,0,,,2009-05-28,2009-05-28,2009-05-28,ARV,Pediatric,INVERTER,ABBVIE LOGISTICS (FORMERLY ABBOTT LOGISTICS BV),"Lopinavir/Ritonavir 80/20mg/ml [Kaletra], oral solution, cool, Bottle 5 x 60 ml",ABBVIE (Abbott) Logis. UK,1,300,524,21536.4,41.1,0.14,644.0,direct,6668.61,direct,42.21,2019-05-28,2019-05-28
986,SCMS-38380,ASN-3627,109-TZ-T01,Tanzania,PMO - US,Direct Drop,FCA,Air,AIR,0,,,2009-05-04,2009-05-04,2009-05-04,ARV,Pediatric,INVERTER,ABBVIE LOGISTICS (FORMERLY ABBOTT LOGISTICS BV),"Lopinavir/Ritonavir 100/25mg [Aluvia], tablets, 60 Tabs",ABBVIE Ludwigshafen Germany,1,60,2094,21526.32,10.28,0.17,237.0,direct,,missing_included_in_commodity,42.19,2019-05-04,2019-05-04
993,SCMS-38660,ASN-3710,107-RW-T01,Rwanda,PMO - US,Direct Drop,EXW,Air,AIR,0,,,2009-04-28,2009-04-28,2009-04-28,HRDT,HIV test,BATTERY_ESS,Premier Medical Corporation Ltd.,"HIV 1/2/O, First Response HIV 1-2.0, v.3.0 Cards Kit, 30 Tests",Premier Med. Corp Ltd. India,1,30,8249,185602.5,22.5,0.75,2800.0,direct,12595.81,direct,363.78,2019-04-28,2019-04-28
1037,SCMS-39640,ASN-4747,123-NG-T01,Nigeria,PMO - US,Direct Drop,CIP,Air,AIR,0,,,2009-09-30,2009-09-30,2009-09-30,ARV,Adult,SOLAR_MODULE,BRISTOL-MYERS SQUIBB,"Didanosine EC 400mg [Videx EC], delayed-release capsules, Blister 3 x 10 Caps","BMS Meymac, France",1,30,200,4734.0,23.67,0.79,11.0,direct,463.0,direct,9.28,2019-09-30,2019-09-30
1046,SCMS-40000,ASN-3675,106-HT-T01,Haiti,PMO - US,Direct Drop,CIP,Air,AIR,0,,,2009-03-31,2009-03-31,2009-03-31,ARV,Pediatric,INVERTER,BRISTOL-MYERS SQUIBB,"Didanosine 50mg [Videx], chewable tablets, 60 Tabs","BMS Meymac, France",1,60,80,760.0,9.5,0.16,43.0,direct,260.0,direct,1.49,2019-03-31,2019-03-31
1047,SCMS-40000,ASN-3675,106-HT-T01,Haiti,PMO - US,Direct Drop,CIP,Air,AIR,0,,,2009-03-31,2009-03-31,2009-03-31,ARV,Pediatric,INVERTER,BRISTOL-MYERS SQUIBB,"Didanosine 2g [Videx], powder for oral solution 10mg/ml, reconstitute to 200 ml","BMS Meymac, France",0,200,32,402.88,12.59,0.06,43.0,resolved_reference,260.0,resolved_reference,0.79,2019-03-31,2019-03-31
1048,SCMS-40030,ASN-3750,106-HT-T01,Haiti,PMO - US,Direct Drop,FCA,Air,AIR,0,,,2009-04-15,2009-04-15,2009-04-15,ARV,Pediatric,INVERTER,ABBVIE LOGISTICS (FORMERLY ABBOTT LOGISTICS BV),"Lopinavir/Ritonavir 100/25mg [Aluvia], tablets, 60 Tabs",ABBVIE Ludwigshafen Germany,1,60,46,472.88,10.28,0.17,10.0,direct,893.22,direct,0.93,2019-04-15,2019-04-15
1063,SCMS-40810,ASN-3634,116-ZA-T01,South Africa,PMO - US,Direct Drop,DDP,Air,AIR,0,,,2009-03-31,2008-12-02,2008-12-02,ARV,Adult,SOLAR_MODULE,S. BUYS WHOLESALER,"Efavirenz 600mg, tablets, 30 Tabs","Aurobindo Unit III, India",1,30,3025,47522.75,15.71,0.52,,missing_captured_separately,,missing_included_in_commodity,93.14,2019-03-31,2018-12-02
1065,SCMS-41040,ASN-3623,116-ZA-T01,South Africa,PMO - US,Direct Drop,DDP,Air,AIR,0,,,2009-04-07,2008-12-03,2008-12-03,ARV,Adult,SOLAR_MODULE,S. BUYS WHOLESALER,"Efavirenz 600mg, tablets, 30 Tabs","Cipla, Goa, India",1,30,3500,49840.0,14.24,0.47,,missing_captured_separately,,missing_included_in_commodity,97.69,2019-04-07,2018-12-03
1066,SCMS-41040,ASN-3623,116-ZA-T01,South Africa,PMO - US,Direct Drop,DDP,Air,AIR,0,,,2009-04-07,2008-12-03,2008-12-03,ARV,Pediatric,INVERTER,S. BUYS WHOLESALER,"Zidovudine 10mg/ml, oral solution, Bottle, 240 ml","Aurobindo Unit III, India",0,240,1008,3588.48,3.56,0.01,,missing_captured_separately,,missing_included_in_commodity,7.03,2019-04-07,2018-12-03
1067,SCMS-41060,ASN-3624,116-ZA-T01,South Africa,PMO - US,Direct Drop,DDP,Air,AIR,0,,,2009-05-05,2008-12-23,2008-12-23,ARV,Pediatric,INVERTER,S. BUYS WHOLESALER,"Stavudine 1mg/ml [Zerit], powder for oral solution, Bottle, 200 ml","BMS Meymac, France",1,200,960,1152.0,1.2,0.01,,missing_captured_separately,,missing_included_in_commodity,2.26,2019-05-05,2018-12-23
